,Title,Lenth,Words,Level,1 435,Título ,Longitud,Palabras,0,Titel ,Lenth,Words,0
,#1 Hero Section,,,,,#1 Sección Principal,,,,#1 Hauptabschnitt,,,
,Social Media Content Creation: Engage and Inspire Your Audience,63,9,H1,,,,,,,,,
,"Transform your social media presence with Qwantix's expert content creation strategies. Our creative specialists craft compelling, platform-optimized content that resonates with your target audience, drives engagement, and elevates your brand across social platforms.
Qwantix social media content creation expertise delivers: Increased audience engagement. Enhanced brand storytelling. Improved content consistency. Higher social media visibility. Greater brand loyalty",469,55,,,,,,,,,,
Button,Elevate Your Social Media Content,33,5,,,,,,,,,,
,#2 Content: The Cornerstone of Social Media Success,,,,,,,,,,,,
,Content: The Cornerstone of Social Media Success,48,7,H2,,,,,,,,,
,Strategic content creation is essential for standing out in crowded social media feeds. Our approach helps you:,111,17,,,,,,,,,,
1,Craft platform-specific content that resonates with each audience,65,8,H3,,,,,,,,,
2,Develop a consistent brand voice across all social channels,59,9,H3,,,,,,,,,
3,Create visually appealing and shareable multimedia content,58,7,H3,,,,,,,,,
4,Leverage trending topics and formats to increase visibility,59,8,H3,,,,,,,,,
5,Tell your brand story through engaging narratives,49,7,H3,,,,,,,,,
6,Encourage user interaction and community building,49,6,H3,,,,,,,,,
7,Optimize content for social media algorithms,44,6,H3,,,,,,,,,
8,Repurpose content effectively across multiple platforms,55,6,H3,,,,,,,,,
,"Qwantix combines creative expertise, platform knowledge, and data-driven insights to create social media content that captivates your audience and drives meaningful engagement.",176,22,,,,,,,,,,
CTA,Elevate Your Social Media Content Strategy,42,6,,,,,,,,,,
Buttom,Get Your Free Content Audit,27,5,,,,,,,,,,
,#3 Driving Engagement Through Compelling Social Media Content,,,,,,,,,,,,
,Driving Engagement Through Compelling Social Media Content,58,7,H2,,,,,,,,,
,"At Qwantix, we leverage data-driven content creation strategies to deliver tangible results for businesses:",107,14,,,,,,,,,,
1,Posts with visuals receive 94% more page visits and engagements than those without,82,13,,,,,,,,,,
2,Video content generates 1200% more shares than text and image content combined,78,12,,,,,,,,,,
3,User-generated content can increase conversions by 161% on average,66,9,,,,,,,,,,
4,Infographics are liked and shared on social media 3x more than any other type of content,88,16,,,,,,,,,,
5,80% of consumers are more likely to follow a brand that creates custom content,78,14,,,,,,,,,,
6,Consistent brand presentation across all platforms increases revenue by up to 23%,81,12,,,,,,,,,,
7,Interactive content generates 2x more conversions than passive content,70,9,,,,,,,,,,
,"Our strategic approach to social media content creation helps you capitalize on these trends, boosting engagement, increasing brand visibility, and driving conversions across social platforms.",192,25,,,,,,,,,,
CTA,Ready to elevate your social media content?,43,7,,,,,,,,,,
Buttom,Get Your Free Content Strategy Assessment,41,6,,,,,,,,,,
,#4 Our Comprehensive Social Media Content Creation Approach,,,,,,,,,,,,
,Our Comprehensive Social Media Content Creation Approach,56,7,H2,,,,,,,,,
,"At Qwantix, we offer a full suite of content creation services designed to maximize your brand's impact across social platforms:",128,20,,,,,,,,,,
1,Platform-Specific Content Strategy,34,3,H3,,,,,,,,,
,Develop tailored content strategies for each social media platform.,67,9,,,,,,,,,,
,Impact: Optimized content that leverages each platform's unique features and audience behaviors.,96,12,,,,,,,,,,
2,Visual Content Production,25,3,H3,,,,,,,,,
,"Create eye-catching images, infographics, and short-form videos.",64,7,,,,,,,,,,
,Edge: Increased engagement and shareability of your social media posts.,71,10,,,,,,,,,,
3,Video Content Development,25,3,H3,,,,,,,,,
,Produce professional-quality videos optimized for social media consumption.,75,8,,,,,,,,,,
,Advantage: Higher retention rates and improved brand storytelling capabilities.,79,9,,,,,,,,,,
4,Interactive Content Creation,28,3,H3,,,,,,,,,
,"Design polls, quizzes, and other interactive elements to boost engagement.",74,10,,,,,,,,,,
,Benefit: Increased audience participation and valuable data collection.,71,8,,,,,,,,,,
5,User-Generated Content Campaigns,32,3,H3,,,,,,,,,
,Develop strategies to encourage and curate user-generated content.,66,8,,,,,,,,,,
,Value: Authentic brand promotion and increased community involvement.,69,8,,,,,,,,,,
6,Social Media Copywriting,24,3,H3,,,,,,,,,
,"Craft compelling captions, headlines, and call-to-actions for your posts.",73,9,,,,,,,,,,
,Result: Improved message clarity and higher conversion rates.,61,8,,,,,,,,,,
7,Content Calendar Management,27,3,H3,,,,,,,,,
,Plan and schedule content to ensure consistent posting across platforms.,72,10,,,,,,,,,,
,Insight: Streamlined content distribution and improved overall strategy cohesion.,81,9,,,,,,,,,,
,"Qwantix leverages creative expertise, platform knowledge, and data-driven insights to create social media content that captivates your audience and drives meaningful engagement.",177,22,,,,,,,,,,
CTA,Ready to elevate your social media content?,43,7,,,,,,,,,,
Buttom,Get Your Free Content Strategy Assessment,41,6,,,,,,,,,,
,#5 Why Choose Qwantix for Social Media Content Creation?,,,,,,,,,,,,
,Why Choose Qwantix for Social Media Content Creation?,53,8,H2,,,,,,,,,
,"At Qwantix, we offer unique advantages in social media content creation:",72,11,,,,,,,,,,
1,Platform-Specific Content Expertise,35,3,H3,,,,,,,,,
,Our team is skilled in creating optimized content for each major social media platform.,87,14,,,,,,,,,,
2,Creative Storytelling,21,2,H3,,,,,,,,,
,We craft compelling narratives that resonate with your audience and reinforce your brand identity.,98,14,,,,,,,,,,
3,Multimedia Production Capabilities,34,3,H3,,,,,,,,,
,"Our in-house team produces high-quality images, videos, and interactive content tailored for social media.",106,14,,,,,,,,,,
4,Data-Driven Content Strategy,28,3,H3,,,,,,,,,
,"We use analytics to inform our content decisions, ensuring maximum engagement and ROI.",86,13,,,,,,,,,,
5,Trend Adaptation,16,2,H3,,,,,,,,,
,"Our content team stays ahead of social media trends, incorporating them into your strategy when relevant.",105,16,,,,,,,,,,
6,Brand Voice Consistency,23,3,H3,,,,,,,,,
,We maintain a consistent brand voice across all platforms while adapting to each channel's unique style.,104,16,,,,,,,,,,
7,Content Repurposing Mastery,27,3,H3,,,,,,,,,
,"We expertly repurpose content across platforms, maximizing the value of each piece of content created.",102,15,,,,,,,,,,
8,Engagement-Focused Approach,27,2,H3,,,,,,,,,
,"Our content is designed not just to inform, but to encourage interaction and community building.",96,15,,,,,,,,,,
CTA,Maximize your social media content potential with Qwantix experts,65,9,,,,,,,,,,
Buttom,Get Your Free Content Strategy Consultation,43,6,,,,,,,,,,
,#6 Our Social Media Content Creation Process,,,,,,,,,,,,
,Our Social Media Content Creation Process,41,6,H2,,,,,,,,,
,"At Qwantix, we follow a systematic approach to social media content creation, tailored to maximize engagement and brand impact:",127,19,,,,,,,,,,
1,Content Audit and Goal Alignment,32,5,H3,,,,,,,,,
,We analyze your existing content and align creation goals with your overall social media strategy.,98,15,,,,,,,,,,
,Impact: Content that supports your broader marketing objectives.,64,8,,,,,,,,,,
2,Audience Persona Development,28,3,H3,,,,,,,,,
,We create detailed audience personas to inform content creation.,64,9,,,,,,,,,,
,Precision: Tailored content that resonates with your specific target groups.,76,10,,,,,,,,,,
3,Platform-Specific Content Strategy,34,3,H3,,,,,,,,,
,We develop unique content strategies for each social media platform you're active on.,85,13,,,,,,,,,,
,Advantage: Optimized content that leverages each platform's strengths and user behaviors.,89,11,,,,,,,,,,
4,Content Calendar Planning,25,3,H3,,,,,,,,,
,We create a comprehensive content calendar to ensure consistent and timely posting.,83,12,,,,,,,,,,
,Benefit: Strategic content distribution and improved campaign cohesion.,71,8,,,,,,,,,,
5,Multimedia Content Production,29,3,H3,,,,,,,,,
,"We produce a variety of content types including images, videos, infographics, and interactive elements.",103,14,,,,,,,,,,
,Value: Diverse and engaging content mix that caters to different user preferences.,82,12,,,,,,,,,,
6,Copywriting and Messaging,25,3,H3,,,,,,,,,
,We craft compelling copy that aligns with your brand voice and encourages engagement.,85,13,,,,,,,,,,
,"Result: Clear, persuasive messaging that drives user action.",60,8,,,,,,,,,,
7,Content Performance Analysis,28,3,H3,,,,,,,,,
,We continuously monitor content performance and gather insights for improvement.,80,10,,,,,,,,,,
,Insight: Data-driven refinement of your content strategy for optimal results.,77,10,,,,,,,,,,
CTA,Ready to elevate your social media content?,43,7,,,,,,,,,,
Buttom,Get Your Custom Content Creation Strategy,41,6,,,,,,,,,,
,#7 Social Media Content Creation FAQ,,,,,,,,,,,,
,Social Media Content Creation FAQ,33,5,H2,,,,,,,,,
1,What types of content work best on social media?,48,9,H3,,,,,,,,,
,"The most effective content types vary by platform but generally include engaging visuals, short-form videos, interactive polls, user-generated content, behind-the-scenes content, and informative infographics. The key is to provide value and encourage engagement.",262,33,,,,,,,,,,
2,How often should we create new content for social media?,56,10,H3,,,,,,,,,
,"Content creation frequency depends on your resources and the platforms you're using. Generally, aim for daily content on platforms like Instagram and Twitter, and 2-3 times per week on Facebook and LinkedIn. However, quality always trumps quantity.",248,37,,,,,,,,,,
3,How can we make our content more shareable?,43,8,H3,,,,,,,,,
,"Create content that is emotionally engaging, visually appealing, and provides value to your audience. Use eye-catching visuals, incorporate trending topics, and encourage user interaction. Also, make sure your content is easy to share with clear call-to-actions.",262,36,,,,,,,,,,
4,What's the ideal length for social media content?,49,8,H3,,,,,,,,,
,Content length varies by platform:,34,5,,,,,,,,,,
,Twitter: 240 characters max,27,4,,,,,,,,,,
,Facebook: 40-80 characters for posts,36,5,,,,,,,,,,
,Instagram: 138-150 characters for captions,42,5,,,,,,,,,,
,LinkedIn: 50-100 words for posts,32,5,,,,,,,,,,
,"For videos, aim for 15-60 seconds on most platforms, with longer content on YouTube.",84,14,,,,,,,,,,
5,How can we repurpose content across different social media platforms?,69,10,H3,,,,,,,,,
,"Adapt your content to fit each platform's unique features and audience expectations. For example, turn a blog post into a series of tweets, create an infographic from a data-heavy article, or transform a long-form video into short clips for Instagram Reels or TikTok.",267,43,,,,,,,,,,
,How do we measure the success of our social media content?,58,11,H3,,,,,,,,,
,"Key metrics include engagement rate (likes, comments, shares), reach, click-through rate, video views, and conversions. Also consider qualitative feedback and how well the content aligns with your overall marketing goals.",221,30,,,,,,,,,,
6,How can we stay on top of social media content trends?,54,11,H3,,,,,,,,,
,"Follow industry leaders, use social listening tools, engage with your audience, monitor trending hashtags, and regularly review platform-specific trend reports. Also, be open to experimenting with new content formats and features as they emerge.",245,34,,,,,,,,,,
CTA,Ready to elevate your social media content?,43,7,,,,,,,,,,
Buttom,Get Your Customized Content Creation Strategy,45,6,,,,,,,,,,
,#8 Ready to Elevate Your Social Media Content?,,,,,,,,,,,,
,Ready to Elevate Your Social Media Content?,43,7,H2,,,,,,,,,
,Take the first step towards content creation excellence with Qwantix. Choose the option that best fits your needs:,114,18,,,,,,,,,,
1,Content Audit and Strategy Assessment,37,5,H3,,,,,,,,,
,Get a comprehensive review of your current social media content and strategy across all platforms.,98,15,,,,,,,,,,
CTA,Uncover your content improvement potential,42,5,,,,,,,,,,
Buttom,Request Free Content Audit,26,4,,,,,,,,,,
2,Content Creation Workshop,25,3,H3,,,,,,,,,
,Schedule a hands-on session with our content specialists to develop ideas and strategies for your social media channels.,120,18,,,,,,,,,,
CTA,Explore creative content possibilities,38,4,,,,,,,,,,
Buttom,Book Content Creation Workshop,30,4,,,,,,,,,,
3,Custom Content Calendar Development,35,4,H3,,,,,,,,,
,Let us create a tailored content calendar aligned with your brand voice and marketing goals.,92,15,,,,,,,,,,
CTA,Receive a strategic content plan,32,5,,,,,,,,,,
Buttom,Get Custom Content Calendar,27,4,,,,,,,,,,
4,Visual Content Package,22,3,H3,,,,,,,,,
,Get a set of professionally designed visual assets optimized for your primary social media platforms.,101,15,,,,,,,,,,
CTA,Enhance your social media aesthetics,36,5,,,,,,,,,,
Buttom,Request Visual Content Package,30,4,,,,,,,,,,
,"Not sure which option is right for you? Don't worry – our social media content experts are here to help. Contact us, and we'll guide you through the process.",157,29,,,,,,,,,,
CTA,Let's elevate your social media content,39,6,,,,,,,,,,
Buttom,Contact Qwantix Content Creation Team,37,5,,,,,,,,,,