,Title,Lenth,Words,Level,1 378,Título ,Longitud,Palabras,0,Titel ,Lenth,Words,0
,#1 Hero Section,,,,,#1 Sección Principal,,,,#1 Hauptabschnitt,,,
,Community Management: Build Brand Loyalty,41,5,H1,,,,,,,,,
,"Transform your social media presence into a thriving community with Qwantix's expert community management strategies. Our specialists foster meaningful interactions, build brand loyalty, and create a positive online environment that turns followers into brand advocates.
Qwantix community management expertise delivers: Increased audience engagement. Enhanced brand loyalty. Improved customer satisfaction. Valuable audience insights. Crisis mitigation and management.",468,55,,,,,,,,,,
Button,Elevate Your Social Media Community,35,5,,,,,,,,,,
,#2 Building Engaged Social Media Communities,,,,,,,,,,,,
,Building Engaged Social Media Communities,41,5,H2,,,,,,,,,
,Effective community management transforms your social media presence into a thriving hub of engagement. Our strategies help you:,128,18,,,,,,,,,,
1,Foster meaningful interactions between your brand and followers,63,8,H3,,,,,,,,,
2,Create a sense of belonging among your audience,47,8,H3,,,,,,,,,
3,Increase brand loyalty and customer retention,45,6,H3,,,,,,,,,
4,Gather valuable feedback and insights from your community,57,8,H3,,,,,,,,,
5,Mitigate potential crises and manage brand reputation,53,7,H3,,,,,,,,,
6,Encourage user-generated content and brand advocacy,51,6,H3,,,,,,,,,
7,Provide timely and effective customer support,45,6,H3,,,,,,,,,
8,Amplify your brand's voice through authentic conversations,58,7,H3,,,,,,,,,
,"Qwantix combines social listening tools, engagement strategies, and crisis management expertise to create vibrant online communities that support your brand's growth and foster long-term customer relationships.",210,26,,,,,,,,,,
CTA,Elevate Your Social Media Community,35,5,,,,,,,,,,
Buttom,Get Your Free Community Management Assessment,45,6,,,,,,,,,,
,#3 Building Brand Loyalty Through Engaged Communities,,,,,,,,,,,,
,Building Brand Loyalty Through Engaged Communities,50,6,H2,,,,,,,,,
,"At Qwantix, we leverage effective community management strategies to deliver tangible results for businesses:",109,14,,,,,,,,,,
1,Brands with strong community engagement see up to 6x higher conversion rates,76,12,,,,,,,,,,
2,76% of consumers say they're more likely to buy from a brand they feel connected to,83,16,,,,,,,,,,
3,Active community management can increase customer retention rates by up to 37%,78,12,,,,,,,,,,
4,71% of consumers who have had a positive social media experience with a brand are likely to recommend it to others,114,21,,,,,,,,,,
5,Communities drive 2.7x more repeat visits to brand websites,59,9,,,,,,,,,,
6,User-generated content from community members has a 4.5% higher conversion rate than brand-created content,106,14,,,,,,,,,,
7,80% of consumers say they are more likely to do business with a company if it has a strong social media presence,112,22,,,,,,,,,,
,"Our data-driven approach to community management helps you capitalize on these trends, fostering authentic connections, driving engagement, and building a loyal community around your brand.",189,25,,,,,,,,,,
CTA,Ready to elevate your social media community?,45,7,,,,,,,,,,
Buttom,Get Your Free Community Management Assessment,45,6,,,,,,,,,,
,#4 Our Comprehensive Community Management Approach,,,,,,,,,,,,
,Our Comprehensive Community Management Approach,47,5,H2,,,,,,,,,
,"At Qwantix, we offer a full suite of community management services designed to foster engagement and build brand loyalty:",121,19,,,,,,,,,,
1,Proactive Engagement Strategies,31,3,H3,,,,,,,,,
,Develop tailored strategies to encourage meaningful interactions within your community.,87,10,,,,,,,,,,
,Impact: Increased user participation and stronger community bonds.,66,8,,,,,,,,,,
2,Community Guidelines and Moderation,35,4,H3,,,,,,,,,
,Create and enforce clear community guidelines to maintain a positive environment.,81,11,,,,,,,,,,
,Edge: Safe and welcoming space that encourages healthy discussions.,67,9,,,,,,,,,,
3,Crisis Management and Reputation Defense,40,5,H3,,,,,,,,,
,Implement protocols for swift response to potential community issues or brand challenges.,89,12,,,,,,,,,,
,Advantage: Maintained brand integrity and community trust during critical situations.,85,10,,,,,,,,,,
4,User-Generated Content Curation,31,3,H3,,,,,,,,,
,Encourage and showcase content created by community members.,60,8,,,,,,,,,,
,Benefit: Increased authenticity and community-driven brand advocacy.,68,7,,,,,,,,,,
5,Community Insights and Feedback Collection,42,5,H3,,,,,,,,,
,Gather and analyze community feedback to inform product development and marketing strategies.,93,12,,,,,,,,,,
,Value: Data-driven decision making based on direct customer insights.,69,9,,,,,,,,,,
6,Community Growth Initiatives,28,3,H3,,,,,,,,,
,Implement strategies to attract new members and retain existing ones.,69,10,,,,,,,,,,
,Result: Sustainable community growth and increased brand reach.,63,8,,,,,,,,,,
7,Cross-Platform Community Synergy,32,3,H3,,,,,,,,,
,Manage and connect communities across various social platforms.,63,8,,,,,,,,,,
,Insight: Cohesive brand community presence across multiple touchpoints.,71,8,,,,,,,,,,
,"Qwantix leverages advanced community management tools, engagement expertise, and data-driven insights to create thriving social media communities that support your brand's growth and foster long-term customer relationships.",223,27,,,,,,,,,,
CTA,Ready to elevate your social media community?,45,7,,,,,,,,,,
Buttom,Get Your Free Community Management Assessment,45,6,,,,,,,,,,
,#5 Why Choose Qwantix for Community Management?,,,,,,,,,,,,
,Why Choose Qwantix for Community Management?,44,6,H2,,,,,,,,,
,"At Qwantix, we offer unique advantages in social media community management:",76,11,,,,,,,,,,
1,Community Building Expertise,28,3,H3,,,,,,,,,
,"Our team specializes in fostering engaged, loyal communities across various social platforms.",93,12,,,,,,,,,,
2,Real-Time Engagement Strategies,31,3,H3,,,,,,,,,
,"We employ advanced tools and techniques for timely, meaningful interactions with your audience.",95,13,,,,,,,,,,
3,Crisis Management Preparedness,30,3,H3,,,,,,,,,
,Our experts are trained to handle potential community issues swiftly and effectively.,85,12,,,,,,,,,,
4,User-Generated Content Curation,31,3,H3,,,,,,,,,
,We excel at encouraging and showcasing authentic content from your community members.,85,12,,,,,,,,,,
5,Community Insights Analysis,27,3,H3,,,,,,,,,
,Our data-driven approach turns community interactions into valuable business insights.,86,10,,,,,,,,,,
6,Cross-Platform Community Synergy,32,3,H3,,,,,,,,,
,We create cohesive community experiences across multiple social media platforms.,80,10,,,,,,,,,,
7,Customized Moderation Guidelines,32,3,H3,,,,,,,,,
,We develop and implement tailored moderation policies that align with your brand values.,88,13,,,,,,,,,,
8,Scalable Community Solutions,28,3,H3,,,,,,,,,
,Our strategies are designed to grow and adapt as your community expands.,72,12,,,,,,,,,,
CTA,Maximize your community's potential with Qwantix experts,56,7,,,,,,,,,,
Buttom,Get Your Free Community Management Consultation,47,6,,,,,,,,,,
,#6 Our Community Management Process,,,,,,,,,,,,
,Our Community Management Process,32,4,H2,,,,,,,,,
,"At Qwantix, we follow a systematic approach to community management, tailored to foster engagement and build brand loyalty:",123,18,,,,,,,,,,
1,Community Audit and Goal Setting,32,5,H3,,,,,,,,,
,"We analyze your current community dynamics and set clear, measurable objectives.",80,11,,,,,,,,,,
,Impact: Focused strategy aligned with your community-building goals.,68,8,,,,,,,,,,
2,Community Guidelines Development,32,3,H3,,,,,,,,,
,"We create clear, enforceable guidelines that reflect your brand values.",71,10,,,,,,,,,,
,"Precision: A safe, positive environment that encourages healthy interactions.",77,9,,,,,,,,,,
3,Engagement Strategy Creation,28,3,H3,,,,,,,,,
,We develop a comprehensive plan for fostering meaningful interactions.,70,9,,,,,,,,,,
,Advantage: Increased community participation and stronger brand connections.,76,8,,,,,,,,,,
4,Proactive Content Curation,26,3,H3,,,,,,,,,
,We source and create content that sparks discussions and adds value to your community.,86,14,,,,,,,,,,
,"Benefit: A vibrant, active community with high-quality user-generated content.",78,9,,,,,,,,,,
5,Real-Time Moderation and Support,32,4,H3,,,,,,,,,
,We provide ongoing moderation and timely responses to community inquiries.,74,10,,,,,,,,,,
,Protection: Maintained community health and swift resolution of issues.,71,9,,,,,,,,,,
6,Community Growth Initiatives,28,3,H3,,,,,,,,,
,We implement strategies to attract new members and retain existing ones.,72,11,,,,,,,,,,
,Growth: Sustainable community expansion and increased brand reach.,66,8,,,,,,,,,,
7,Community Insights Analysis,27,3,H3,,,,,,,,,
,We continuously monitor community sentiment and gather actionable insights.,75,9,,,,,,,,,,
,Insight: Data-driven refinement of your community management strategy.,70,8,,,,,,,,,,
CTA,Ready to build a thriving social media community?,49,8,,,,,,,,,,
Buttom,Get Your Custom Community Management Strategy,45,6,,,,,,,,,,
,#7 Community Management FAQ,,,,,,,,,,,,
,Community Management FAQ,24,3,H2,,,,,,,,,
1,What is social media community management?,42,6,H3,,,,,,,,,
,"Community management involves building, growing, and maintaining active and engaged communities around your brand on social media platforms. It includes moderating discussions, responding to inquiries, and fostering meaningful interactions among community members.",264,32,,,,,,,,,,
2,How does community management differ from social media marketing?,65,9,H3,,,,,,,,,
,"While social media marketing focuses on promoting your brand and products, community management emphasizes building relationships and fostering engagement within your existing audience. It's about creating a sense of belonging and encouraging user-to-user interactions.",269,34,,,,,,,,,,
3,What are the key benefits of effective community management?,60,9,H3,,,,,,,,,
,"Effective community management can lead to increased brand loyalty, higher customer retention, valuable customer insights, improved customer support, and organic word-of-mouth marketing.",186,22,,,,,,,,,,
4,How do you handle negative comments or trolls in a community?,61,11,H3,,,,,,,,,
,"We have a proactive approach to moderation. We respond promptly and professionally to negative comments, address concerns, and remove or block trolls when necessary. The key is to maintain a positive environment while being transparent and fair.",245,37,,,,,,,,,,
5,How often should community managers interact with the audience?,63,9,H3,,,,,,,,,
,"Interaction frequency depends on the community size and platform, but generally, daily engagement is recommended. This includes responding to comments, initiating discussions, and acknowledging user-generated content.",217,26,,,,,,,,,,
6,How do you measure the success of community management efforts?,63,10,H3,,,,,,,,,
,"Key metrics include engagement rate, community growth rate, sentiment analysis, response time, and user-generated content volume. We also consider qualitative factors like the depth of conversations and community feedback.",222,29,,,,,,,,,,
7,Can community management help with customer support?,52,7,H3,,,,,,,,,
,"Absolutely. An active community can serve as a valuable customer support channel, where community members often help each other, reducing the load on your support team while fostering a sense of community.",205,32,,,,,,,,,,
CTA,Ready to build a thriving social media community?,49,8,,,,,,,,,,
Buttom,Get Your Customized Community Management Strategy,49,6,,,,,,,,,,
,#8 Ready to Build a Thriving Social Media Community?,,,,,,,,,,,,
,Ready to Build a Thriving Social Media Community?,49,8,H2,,,,,,,,,
,Take the first step towards community management excellence with Qwantix. Choose the option that best fits your needs:,118,18,,,,,,,,,,
1,Community Health Check,22,3,H3,,,,,,,,,
,Get a comprehensive review of your current social media community dynamics and engagement levels.,97,14,,,,,,,,,,
CTA,Uncover your community growth potential,39,5,,,,,,,,,,
Buttom,Request Free Community Health Check,35,5,,,,,,,,,,
2,Community Strategy Session,26,3,H3,,,,,,,,,
,Schedule a one-on-one call with our community management experts to discuss your goals and potential strategies.,112,16,,,,,,,,,,
CTA,Explore your path to community success,38,6,,,,,,,,,,
Buttom,Book Community Management Consultation,38,4,,,,,,,,,,
3,Custom Community Management Plan,32,4,H3,,,,,,,,,
,"Tell us about your business, and we'll prepare a tailored community management strategy proposal.",97,14,,,,,,,,,,
CTA,Receive a community plan customized to your goals,49,8,,,,,,,,,,
Buttom,Get Custom Community Management Proposal,40,5,,,,,,,,,,
4,Crisis Management Workshop,26,3,H3,,,,,,,,,
,Participate in a hands-on session to develop and refine your social media crisis management protocols.,102,15,,,,,,,,,,
CTA,Prepare your team for potential community challenges,52,7,,,,,,,,,,
Buttom,Schedule Crisis Management Workshop,35,4,,,,,,,,,,
,"Not sure which option is right for you? Don't worry – our community management experts are here to help. Contact us, and we'll guide you through the process.",157,28,,,,,,,,,,
CTA,Let's build your thriving social media community,48,7,,,,,,,,,,
Buttom,Contact Qwantix Community Management Team,41,5,,,,,,,,,,