,Title,Lenth,Words,Level,1 386,Título ,Longitud,Palabras,0,Titel ,Lenth,Words,0
,#1 Hero Section,,,,,#1 Sección Principal,,,,#1 Hauptabschnitt,,,
,Visual Content Production: Captivate and Convert,48,6,H1,,,,,,,,,
,"Transform your digital presence with Qwantix's expert visual content production. Our creative team crafts stunning, brand-aligned visuals that capture attention, convey your message effectively, and drive engagement across all platforms.
Qwantix visual content expertise delivers:
Increased audience engagement
Enhanced brand recognition
Improved information retention
Higher conversion rates
Greater social media shareability",426,45,,,,,,,,,,
Button,Elevate Your Visual Content,27,4,,,,,,,,,,
,#2 Visuals: The Key to Capturing Audience Attention,,,,,,,,,,,,
,Visuals: The Key to Capturing Audience Attention,48,7,H2,,,,,,,,,
,"In an era of information overload, compelling visual content is your secret weapon for standing out and engaging your audience. Our approach helps you:",151,24,,,,,,,,,,
1,Create eye-catching images that stop users from scrolling,57,8,,,,,,,,,,
2,Develop informative and shareable infographics,46,5,,,,,,,,,,
3,Produce engaging videos that tell your brand story,50,8,,,,,,,,,,
4,Design custom graphics that reinforce your brand identity,57,8,,,,,,,,,,
5,Craft visually appealing presentations for various platforms,60,7,,,,,,,,,,
6,Create interactive visual content for increased engagement,58,7,,,,,,,,,,
7,Optimize visual content for different social media platforms,60,8,,,,,,,,,,
8,Ensure brand consistency across all visual materials,52,7,,,,,,,,,,
,"Qwantix combines creative expertise, design principles, and data-driven insights to create visual content that not only captures attention but also conveys your message effectively and drives meaningful engagement.",214,28,,,,,,,,,,
CTA,Transform Your Visual Storytelling,34,4,,,,,,,,,,
Buttom,Request Your Visual Content Audit,33,5,,,,,,,,,,
,#3 Driving Engagement Through Compelling Visuals,,,,,,,,,,,,
,Driving Engagement Through Compelling Visuals,45,5,H2,,,,,,,,,
,"At Qwantix, we leverage data-driven visual content strategies to deliver tangible results for businesses:",105,14,,,,,,,,,,
1,Content with relevant images gets 94% more views than content without,69,11,,,,,,,,,,
2,Visual content is 40 times more likely to be shared on social media than other types of content,95,18,,,,,,,,,,
3,"People remember 65% of the information they see in a visual after three days, compared to only 10% of information they hear",123,22,,,,,,,,,,
4,Infographics can increase web traffic by up to 12%,50,9,,,,,,,,,,
5,Videos on landing pages can increase conversions by 86%,55,9,,,,,,,,,,
6,"91% of consumers prefer interactive and visual content over traditional, text-based media",89,12,,,,,,,,,,
7,Posts with images produce 650% higher engagement than text-only posts,69,10,,,,,,,,,,
,"Our strategic approach to visual content creation helps you capitalize on these trends, boosting engagement, increasing brand visibility, and driving conversions across all digital channels.",190,25,,,,,,,,,,
CTA,Transform Your Visual Storytelling,34,4,,,,,,,,,,
Buttom,Request Your Visual Content Audit,33,5,,,,,,,,,,
,#4 Our Comprehensive Visual Content Production Approach,,,,,,,,,,,,
,Our Comprehensive Visual Content Production Approach,52,6,H2,,,,,,,,,
,"At Qwantix, we offer a full suite of visual content production services designed to captivate your audience and drive engagement:",129,20,,,,,,,,,,
1,Brand Visual Identity Development,33,4,H3,,,,,,,,,
,Create a cohesive visual style that reinforces your brand across all platforms.,79,12,,,,,,,,,,
,Impact: Consistent and recognizable brand presence in all visual content.,73,10,,,,,,,,,,
2,Custom Graphic Design,21,3,H3,,,,,,,,,
,Produce eye-catching graphics tailored to your brand and marketing objectives.,78,10,,,,,,,,,,
,Edge: Unique visuals that stand out in crowded digital spaces.,62,10,,,,,,,,,,
3,Professional Photography,24,2,H3,,,,,,,,,
,"Capture high-quality images that showcase your products, services, or brand story.",82,11,,,,,,,,,,
,Advantage: Authentic and polished visuals that resonate with your audience.,75,10,,,,,,,,,,
4,Video Production and Editing,28,4,H3,,,,,,,,,
,"Create engaging video content, from short social media clips to in-depth brand stories.",87,13,,,,,,,,,,
,Benefit: Dynamic content that increases engagement and information retention.,77,9,,,,,,,,,,
5,Infographic Creation,20,2,H3,,,,,,,,,
,Transform complex data into visually appealing and easily digestible infographics.,82,10,,,,,,,,,,
,Value: Improved understanding of key information and increased shareability.,76,9,,,,,,,,,,
6,Animation and Motion Graphics,29,4,H3,,,,,,,,,
,Develop animated content to explain concepts or add visual interest to your brand.,82,13,,,,,,,,,,
,Result: Engaging and memorable content that captures audience attention.,72,9,,,,,,,,,,
7,360° and VR Content Production,30,5,H3,,,,,,,,,
,Create immersive experiences that showcase your products or services in innovative ways.,88,12,,,,,,,,,,
,Insight: Cutting-edge content that sets you apart from competitors.,67,9,,,,,,,,,,
,"Qwantix leverages creative expertise, technical skills, and data-driven insights to produce visual content that not only captures attention but also conveys your message effectively and drives meaningful engagement.",215,28,,,,,,,,,,
CTA,Transform Your Visual Storytelling,34,4,,,,,,,,,,
Buttom,Request Your Visual Content Audit,33,5,,,,,,,,,,
,#5 Why Choose Qwantix for Visual Content Production?,,,,,,,,,,,,
,Why Choose Qwantix for Visual Content Production?,49,7,H2,,,,,,,,,
,"At Qwantix, we offer unique advantages in visual content creation:",66,10,,,,,,,,,,
1,Creative Excellence,19,2,H3,,,,,,,,,
,"Our team of designers, videographers, and animators produce stunning visuals that capture attention.",100,13,,,,,,,,,,
2,Brand-Aligned Visuals,21,2,H3,,,,,,,,,
,We ensure all visual content aligns perfectly with your brand identity and messaging.,85,13,,,,,,,,,,
3,Multi-Format Expertise,22,2,H3,,,,,,,,,
,"From static images to interactive content, we excel in creating diverse visual formats.",87,13,,,,,,,,,,
4,Data-Driven Design,18,2,H3,,,,,,,,,
,"We use analytics to inform our visual choices, ensuring maximum engagement and impact.",86,13,,,,,,,,,,
5,Cutting-Edge Technology,23,2,H3,,,,,,,,,
,Our team leverages the latest design and production tools for high-quality results.,83,12,,,,,,,,,,
6,SEO-Optimized Visuals,21,2,H3,,,,,,,,,
,We create visual content that not only looks great but also boosts your search engine visibility.,97,16,,,,,,,,,,
7,Cross-Platform Optimization,27,2,H3,,,,,,,,,
,Our visuals are tailored for optimal performance across various digital platforms.,82,11,,,,,,,,,,
8,Rapid Turnaround,16,2,H3,,,,,,,,,
,We deliver high-quality visual content within your project timelines.,69,9,,,,,,,,,,
CTA,Transform Your Visual Storytelling,34,4,,,,,,,,,,
Buttom,Request Your Visual Content Consultation,40,5,,,,,,,,,,
,#6 Our Visual Content Production Process,,,,,,,,,,,,
,Our Visual Content Production Process,37,5,H2,,,,,,,,,
,"At Qwantix, we follow a systematic approach to visual content creation, tailored to maximize impact and align with your brand:",126,20,,,,,,,,,,
1,Creative Brief and Goal Setting,31,5,H3,,,,,,,,,
,We analyze your objectives and target audience to set clear visual content goals.,81,13,,,,,,,,,,
,Impact: Visual content that aligns perfectly with your marketing objectives.,76,10,,,,,,,,,,
2,Visual Style Development,24,3,H3,,,,,,,,,
,We create or refine your visual style guide to ensure brand consistency.,72,12,,,,,,,,,,
,Precision: A cohesive visual identity across all content types.,63,9,,,,,,,,,,
3,Concept Creation and Storyboarding,34,4,H3,,,,,,,,,
,We develop creative concepts and detailed storyboards for complex visual projects.,82,11,,,,,,,,,,
,Advantage: Clear vision and efficient production process.,57,7,,,,,,,,,,
4,Asset Creation,14,2,H3,,,,,,,,,
,"We produce high-quality visual assets, including images, videos, and animations.",80,10,,,,,,,,,,
,Benefit: Professional-grade visuals that capture audience attention.,68,7,,,,,,,,,,
5,Post-Production and Optimization,32,3,H3,,,,,,,,,
,We refine and optimize visual content for various platforms and devices.,72,11,,,,,,,,,,
,Value: Visuals that perform well across all digital channels.,61,9,,,,,,,,,,
6,Review and Approval,19,3,H3,,,,,,,,,
,We collaborate closely with you to ensure the final visuals meet your expectations.,83,13,,,,,,,,,,
,Result: Visual content that accurately represents your brand vision.,68,9,,,,,,,,,,
7,Performance Analysis,20,2,H3,,,,,,,,,
,We track key metrics to measure the impact of your visual content.,66,12,,,,,,,,,,
,Insight: Data-driven refinement of your visual content strategy.,64,8,,,,,,,,,,
CTA,Transform Your Visual Storytelling,34,4,,,,,,,,,,
Buttom,Request Your Visual Content Strategy,36,5,,,,,,,,,,
,#7 Visual Content Production FAQ,,,,,,,,,,,,
,Visual Content Production FAQ,29,4,H2,,,,,,,,,
1,What types of visual content are most effective for digital marketing?,70,11,,,,,,,,,,
,"The most effective types vary depending on your audience and platform, but generally include high-quality photos, infographics, short videos, animations, and interactive content. The key is to create visuals that are engaging, informative, and aligned with your brand identity.",277,39,,,,,,,,,,
2,How can we ensure our visual content is consistent with our brand?,66,12,,,,,,,,,,
,"Develop a clear visual style guide that outlines your brand's color palette, typography, logo usage, and overall aesthetic. Ensure all content creators have access to this guide and regularly review content for consistency.",223,33,,,,,,,,,,
3,What's the ideal length for marketing videos?,45,7,,,,,,,,,,
,Video length depends on the platform and purpose:,49,8,,,,,,,,,,
,Social media: 15-60 seconds,27,4,,,,,,,,,,
,YouTube: 2-10 minutes for most content,38,6,,,,,,,,,,
,Explainer videos: 60-90 seconds,31,4,,,,,,,,,,
,Webinars: 30-60 minutes,23,3,,,,,,,,,,
,"Remember, engagement is more important than strict time limits.",63,9,,,,,,,,,,
4,How can we make our visual content more shareable?,50,9,,,,,,,,,,
,"Create visuals that are emotionally engaging, provide value, or tell a story. Use eye-catching designs, incorporate trending topics, and ensure your content is easily understood without sound. Also, optimize for mobile viewing and include clear calls-to-action.",261,36,,,,,,,,,,
5,How do we measure the success of our visual content?,52,10,,,,,,,,,,
,"Key metrics include engagement rate (likes, shares, comments), view time for videos, click-through rates, conversion rates, and brand recall. Also consider qualitative feedback and how well the content aligns with your overall marketing goals.",243,34,,,,,,,,,,
6,Can AI be used in visual content production?,44,8,,,,,,,,,,
,"Yes, AI can be used for tasks like image editing, color correction, and even generating simple graphics. However, human creativity and oversight are still crucial for creating unique, brand-aligned visual content.",213,31,,,,,,,,,,
7,How often should we update our visual content?,46,8,,,,,,,,,,
,"Regularly refresh your visual content to keep it current and engaging. Aim to update key visuals (like website images) every 6-12 months, and create new social media visuals weekly or bi-weekly.",194,31,,,,,,,,,,
CTA,Transform Your Visual Storytelling,34,4,,,,,,,,,,
Buttom,Request Your Visual Content Strategy,36,5,,,,,,,,,,
,,,,,,,,,,,,,
,#8 Ready to Transform Your Visual Storytelling?,47,7,H2,,,,,,,,,
,Take the first step towards visual content excellence with Qwantix. Choose the option that best fits your needs:,112,18,,,,,,,,,,
1,Visual Content Audit,20,3,H3,,,,,,,,,
,Get a comprehensive review of your current visual content across all channels and platforms.,92,14,,,,,,,,,,
CTA,Uncover your visual content improvement potential,49,6,,,,,,,,,,
Buttom,Request Free Visual Content Audit,33,5,,,,,,,,,,
2,Visual Branding Workshop,24,3,H3,,,,,,,,,
,Schedule a hands-on session with our visual content specialists to develop or refine your visual brand identity.,112,17,,,,,,,,,,
CTA,Explore creative visual possibilities,37,4,,,,,,,,,,
Buttom,Book Visual Branding Workshop,29,4,,,,,,,,,,
3,Custom Visual Content Package,29,4,H3,,,,,,,,,
,Let us create a set of tailored visual assets for your specific marketing needs.,80,14,,,,,,,,,,
CTA,Receive professionally crafted visual content,45,5,,,,,,,,,,
Buttom,Get Custom Visual Content Package,33,5,,,,,,,,,,
4,Video Production Consultation,29,3,H3,,,,,,,,,
,Discuss your video content needs with our expert producers and get tailored recommendations.,92,13,,,,,,,,,,
CTA,Enhance your video marketing strategy,37,5,,,,,,,,,,
Buttom,Schedule Video Production Consultation,38,4,,,,,,,,,,
,"Not sure which option is right for you? Don't worry – our visual content experts are here to help. Contact us, and we'll guide you through the process.",151,28,,,,,,,,,,
CTA,Let's transform your visual storytelling,40,5,,,,,,,,,,
Buttom,Contact Qwantix Visual Content Team,35,5,,,,,,,,,,