,Title,Lenth,Words,Level,1 514,Título ,Longitud,Palabras,0,Titel ,Lenth,Words,0
,#1 Hero Section,,,,,#1 Sección Principal,,,,#1 Hauptabschnitt,,,
,"Content Strategy: Plan, Create, Succeed",39,5,H1,,,,,,,,,
,"Transform your content marketing with Qwantix's expert content strategy services. Our specialists develop comprehensive, data-driven strategies that align your content with business goals, resonate with your target audience, and drive measurable results across all channels.
Qwantix content strategy expertise delivers:
Aligned content and business objectives
Enhanced audience engagement
Improved content consistency
Higher content ROI
Greater brand authority",460,51,,,,,,,,,,
Button,Elevate Your Content Strategy,29,4,,,,,,,,,,
,#2 The Power of a Robust Content Strategy,,,,,,,,,,,,
,The Power of a Robust Content Strategy,38,7,H2,,,,,,,,,
,Strategy: The Foundation of Content Success,43,6,,,,,,,,,,
1,A well-crafted content strategy is essential for achieving your business goals through content marketing. Our approach helps you:,129,18,H3,,,,,,,,,
2,Align content creation with your overall business objectives,60,8,H3,,,,,,,,,
3,Develop a deep understanding of your target audience's needs and preferences,76,11,H3,,,,,,,,,
4,Create a consistent brand voice and messaging across all channels,65,10,H3,,,,,,,,,
5,Identify the most effective content types and formats for your audience,71,11,H3,,,,,,,,,
6,Plan and organize content production for maximum efficiency,59,8,H3,,,,,,,,,
7,Optimize content distribution to reach your audience at the right time,70,11,H3,,,,,,,,,
8,Measure and analyze content performance to continually improve results,70,9,H3,,,,,,,,,
9,Adapt your strategy to changing market trends and audience behaviors,68,10,H3,,,,,,,,,
,"Qwantix combines industry expertise, audience insights, and data-driven analysis to create content strategies that drive meaningful business results and establish your brand as a trusted authority in your field.",211,29,,,,,,,,,,
CTA,Elevate Your Content Strategy,29,4,,,,,,,,,,
Buttom,Get Your Free Content Strategy Assessment,41,6,,,,,,,,,,
,#3 The Measurable Impact of Strategic Content Planning,,,,,,,,,,,,
,The Measurable Impact of Strategic Content Planning,51,7,H2,,,,,,,,,
,Driving Business Growth Through Effective Content Strategy,58,7,,,,,,,,,,
,"At Qwantix, we leverage data-driven content strategies to deliver tangible results for businesses:",98,13,,,,,,,,,,
1,Companies with a documented content strategy are 3x more likely to report success in their content marketing efforts,116,18,,,,,,,,,,
2,Content marketing costs 62% less than traditional marketing and generates about 3x as many leads,96,15,,,,,,,,,,
3,72% of marketers say content marketing increases engagement and leads,69,10,,,,,,,,,,
4,Businesses that prioritize blogging are 13x more likely to see positive ROI,75,12,,,,,,,,,,
5,47% of buyers view 3-5 pieces of content before engaging with a sales rep,73,14,,,,,,,,,,
6,Websites with a blog have 434% more indexed pages than those without,68,12,,,,,,,,,,
7,Long-form content generates 9x more leads than short-form content,65,9,,,,,,,,,,
,"Our strategic approach to content planning helps you capitalize on these trends, boosting brand awareness, driving engagement, and increasing conversions across all content channels.",182,24,,,,,,,,,,
CTA,Ready to elevate your content strategy?,39,6,,,,,,,,,,
Buttom,Get Your Free Content Strategy Assessment,41,6,,,,,,,,,,
,#4 Our Comprehensive Content Strategy Approach,,,,,,,,,,,,
,Our Comprehensive Content Strategy Approach,43,5,H2,,,,,,,,,
,"At Qwantix, we offer a full suite of content strategy services designed to maximize your content's impact and drive business results:",133,21,,,,,,,,,,
1,Audience Research and Persona Development,41,5,H3,,,,,,,,,
,Conduct in-depth analysis of your target audience to create detailed buyer personas.,84,12,,,,,,,,,,
,Impact: Content that resonates deeply with your specific audience segments.,75,10,,,,,,,,,,
2,Content Audit and Gap Analysis,30,5,H3,,,,,,,,,
,Evaluate existing content and identify opportunities for improvement and new content creation.,94,12,,,,,,,,,,
,Edge: Optimized content portfolio that addresses all stages of the buyer's journey.,83,12,,,,,,,,,,
3,Content Pillars and Themes Identification,41,5,H3,,,,,,,,,
,Develop core content themes aligned with your brand values and audience interests.,82,12,,,,,,,,,,
,Advantage: Consistent messaging and improved content cohesion across all channels.,82,10,,,,,,,,,,
4,Content Mapping and Journey Optimization,40,5,H3,,,,,,,,,
,Align content with each stage of the customer journey for maximum impact.,73,12,,,,,,,,,,
,Benefit: Improved user experience and higher conversion rates.,62,8,,,,,,,,,,
5,Channel Strategy Development,28,3,H3,,,,,,,,,
,Determine the most effective channels and formats for content distribution.,75,10,,,,,,,,,,
,Value: Optimized content reach and engagement across various platforms.,71,9,,,,,,,,,,
6,Content Calendar and Workflow Planning,38,5,H3,,,,,,,,,
,Create a comprehensive content calendar and establish efficient production workflows.,85,10,,,,,,,,,,
,Result: Consistent content output and improved team collaboration.,66,8,,,,,,,,,,
7,Performance Metrics and KPI Setting,35,5,H3,,,,,,,,,
,"Define clear, measurable goals and KPIs for your content strategy.",66,10,,,,,,,,,,
,Insight: Data-driven content optimization and demonstrable ROI.,63,7,,,,,,,,,,
,"Qwantix leverages market research, audience insights, and data analytics to create content strategies that align with your business objectives and resonate with your target audience.",182,25,,,,,,,,,,
CTA,Ready to elevate your content strategy?,39,6,,,,,,,,,,
Buttom,Get Your Free Content Strategy Assessment,41,6,,,,,,,,,,
,#5 Why Choose Qwantix for Content Strategy?,,,,,,,,,,,,
,Why Choose Qwantix for Content Strategy?,40,6,H2,,,,,,,,,
,"At Qwantix, we offer unique advantages in content strategy development:",71,10,,,,,,,,,,
1,Data-Driven Audience Insights,29,3,H3,,,,,,,,,
,We use advanced analytics to deeply understand your target audience and their content preferences.,98,14,,,,,,,,,,
2,Comprehensive Content Audits,28,3,H3,,,,,,,,,
,Our thorough content audits uncover opportunities and gaps in your current content ecosystem.,93,13,,,,,,,,,,
3,Cross-Channel Strategy Alignment,32,3,H3,,,,,,,,,
,We ensure your content strategy aligns across all digital channels for maximum impact.,86,13,,,,,,,,,,
4,SEO-Integrated Planning,23,2,H3,,,,,,,,,
,Our strategies incorporate SEO best practices to improve content discoverability and organic reach.,99,13,,,,,,,,,,
5,Agile Content Roadmapping,25,3,H3,,,,,,,,,
,We create flexible content roadmaps that adapt to changing market trends and business needs.,92,14,,,,,,,,,,
6,ROI-Focused Approach,20,2,H3,,,,,,,,,
,"Our strategies are designed with clear, measurable goals tied to your business objectives.",90,13,,,,,,,,,,
7,Content Performance Forecasting,31,3,H3,,,,,,,,,
,We use predictive analytics to forecast the potential impact of different content initiatives.,94,13,,,,,,,,,,
8,Customized Content Workflows,28,3,H3,,,,,,,,,
,We develop tailored content creation and approval processes to streamline your operations.,90,12,,,,,,,,,,
CTA,Maximize your content strategy's potential with Qwantix experts,63,8,,,,,,,,,,
Buttom,Get Your Free Content Strategy Consultation,43,6,,,,,,,,,,
,#6 Our Content Strategy Development Process,,,,,,,,,,,,
,Our Content Strategy Development Process,40,5,H2,,,,,,,,,
,"At Qwantix, we follow a systematic approach to content strategy development, tailored to maximize your content's impact and support your business goals:",152,22,,,,,,,,,,
1,Comprehensive Content Audit,27,3,H3,,,,,,,,,
,"We analyze your existing content across all channels to identify strengths, weaknesses, and gaps.",97,14,,,,,,,,,,
,Impact: Clear understanding of your current content landscape and improvement opportunities.,92,11,,,,,,,,,,
2,Business Goals and KPI Alignment,32,5,H3,,,,,,,,,
,We align your content strategy with specific business objectives and define measurable KPIs.,92,13,,,,,,,,,,
,Precision: Content efforts that directly contribute to your bottom line.,72,10,,,,,,,,,,
3,Audience Research and Persona Development,41,5,H3,,,,,,,,,
,We conduct in-depth audience analysis to create detailed buyer personas.,72,10,,,,,,,,,,
,Advantage: Content that resonates deeply with your target audience segments.,76,10,,,,,,,,,,
4,Content Pillars and Themes Identification,41,5,H3,,,,,,,,,
,We develop core content themes that align with your brand values and audience interests.,88,14,,,,,,,,,,
,Benefit: Consistent messaging and improved content cohesion across all channels.,80,10,,,,,,,,,,
5,Channel Strategy and Content Mapping,36,5,H3,,,,,,,,,
,We determine the most effective channels and map content to each stage of the customer journey.,95,16,,,,,,,,,,
,Value: Optimized content distribution and improved user experience.,67,8,,,,,,,,,,
6,Content Calendar and Workflow Design,36,5,H3,,,,,,,,,
,We create a comprehensive content calendar and establish efficient production workflows.,88,11,,,,,,,,,,
,Result: Consistent content output and improved team collaboration.,66,8,,,,,,,,,,
7,Performance Metrics Setup and Analysis Framework,48,6,H3,,,,,,,,,
,We set up tracking for key content metrics and develop an analysis framework.,77,13,,,,,,,,,,
,Insight: Data-driven content optimization and clear ROI demonstration.,70,8,,,,,,,,,,
CTA,Ready to elevate your content strategy?,39,6,,,,,,,,,,
Buttom,Get Your Custom Content Strategy Plan,37,6,,,,,,,,,,
,#7 Content Strategy FAQ,,,,,,,,,,,,
,Content Strategy FAQ,20,3,H2,,,,,,,,,
1,What is a content strategy and why is it important?,51,10,H3,,,,,,,,,
,"A content strategy is a comprehensive plan that guides the creation, delivery, and management of content to achieve specific business goals. It's important because it ensures your content efforts are aligned with your objectives, consistent in messaging, and effectively reach your target audience.",298,43,,,,,,,,,,
2,How do you develop a content strategy?,38,7,H3,,,,,,,,,
,"Developing a content strategy involves several steps: defining goals, researching your audience, conducting a content audit, choosing content types and channels, creating a content calendar, and establishing metrics for success. It's an ongoing process that requires regular review and adjustment.",297,40,,,,,,,,,,
3,How often should a content strategy be updated?,47,8,H3,,,,,,,,,
,"Content strategies should be reviewed and updated regularly, typically every 3-6 months. However, you should also be prepared to make adjustments based on performance data, market changes, or shifts in business goals.",217,32,,,,,,,,,,
4,What are content pillars and how do they fit into a content strategy?,69,13,H3,,,,,,,,,
,"Content pillars are the main themes or topics that your content will focus on. They help organize your content efforts, ensure consistency in messaging, and establish your brand as an authority in specific areas. Your content strategy should define these pillars based on your expertise and audience interests.",310,48,,,,,,,,,,
5,How do you measure the success of a content strategy?,53,10,H3,,,,,,,,,
,"Success metrics depend on your specific goals but often include engagement rates, website traffic, lead generation, conversion rates, SEO rankings, and brand awareness metrics. It's important to establish KPIs at the beginning of your strategy implementation.",259,36,,,,,,,,,,
6,How does SEO fit into content strategy?,39,7,H3,,,,,,,,,
,"SEO should be an integral part of your content strategy. This includes keyword research to inform topic selection, optimizing content structure and metadata, and creating content that answers your audience's search queries. A good content strategy balances SEO needs with providing value to your audience.",305,45,,,,,,,,,,
7,How can a content strategy improve content consistency across channels?,71,10,H3,,,,,,,,,
,"A well-developed content strategy provides guidelines for tone, style, and messaging across all channels. It also typically includes a content calendar and workflow processes that ensure consistent output and quality control.",225,31,,,,,,,,,,
CTA,Ready to elevate your content strategy?,39,6,,,,,,,,,,
Buttom,Get Your Customized Content Strategy Plan,41,6,,,,,,,,,,
,#8 Ready to Elevate Your Content Strategy?,,,,,,,,,,,,
,Ready to Elevate Your Content Strategy?,39,6,H2,,,,,,,,,
,Take the first step towards content strategy excellence with Qwantix. Choose the option that best fits your needs:,114,18,,,,,,,,,,
1,Content Strategy Audit,22,3,H3,,,,,,,,,
,Get a comprehensive review of your current content strategy and its alignment with your business goals.,103,16,,,,,,,,,,
CTA,Uncover your content strategy improvement potential,51,6,,,,,,,,,,
Buttom,Request Free Content Strategy Audit,35,5,,,,,,,,,,
2,Content Strategy Workshop,25,3,H3,,,,,,,,,
,Schedule a hands-on session with our content strategists to develop a tailored content plan for your business.,110,17,,,,,,,,,,
CTA,Explore strategic content possibilities,39,4,,,,,,,,,,
Buttom,Book Content Strategy Workshop,30,4,,,,,,,,,,
3,Custom Content Roadmap Development,34,4,H3,,,,,,,,,
,Let us create a detailed content roadmap aligned with your brand voice and marketing objectives.,96,15,,,,,,,,,,
CTA,Receive a strategic content plan,32,5,,,,,,,,,,
Buttom,Get Custom Content Roadmap,26,4,,,,,,,,,,
4,Audience Persona Development,28,3,H3,,,,,,,,,
,Get a set of detailed buyer personas to inform your content strategy and creation process.,90,15,,,,,,,,,,
CTA,Enhance your audience targeting,31,4,,,,,,,,,,
Buttom,Request Audience Persona Development,36,4,,,,,,,,,,
,"Not sure which option is right for you? Don't worry – our content strategy experts are here to help. Contact us, and we'll guide you through the process.",153,28,,,,,,,,,,
CTA,Let's elevate your content strategy,35,5,,,,,,,,,,
Buttom,Contact Qwantix Content Strategy Team,37,5,,,,,,,,,,