,Title,Lenth,Words,Level,1 371,Título ,Longitud,Palabras,0,Titel ,Lenth,Words,0
,#1 Hero Section,,,,,#1 Sección Principal,,,,#1 Hauptabschnitt,,,
,Copywriting: Words That Convert,31,4,H1,,,,,,,,,
,"Transform your messaging with Qwantix's expert copywriting services. Our skilled writers craft compelling, persuasive copy that resonates with your target audience, drives engagement, and boosts conversions across all platforms.
Qwantix copywriting expertise delivers:
Increased audience engagement
Higher conversion rates
Improved brand messaging
Enhanced SEO performance
Greater brand authority",396,42,,,,,,,,,,
Button,Elevate Your Copy,17,3,,,,,,,,,,
,#2 Words That Drive Action,,,,,,,,,,,,
,Words That Drive Action,23,4,H2,,,,,,,,,
,Effective copywriting is essential for capturing attention and driving conversions in today's content-saturated digital landscape. Our approach helps you:,154,19,,,,,,,,,,
1,Craft compelling headlines that grab attention and increase click-through rates,79,10,H3,,,,,,,,,
2,Develop clear and concise messaging that resonates with your target audience,76,11,H3,,,,,,,,,
3,Create persuasive calls-to-action that drive conversions,56,6,H3,,,,,,,,,
4,Tell your brand story in a way that builds emotional connections,64,11,H3,,,,,,,,,
5,Optimize copy for search engines without sacrificing readability,64,8,H3,,,,,,,,,
6,Adapt your tone and style for different platforms and audiences,63,10,H3,,,,,,,,,
7,Use psychological triggers to influence decision-making,55,6,H3,,,,,,,,,
8,A/B test copy elements to continually improve performance,57,8,H3,,,,,,,,,
,"Qwantix combines creative writing skills, marketing psychology, and data-driven insights to create copy that not only engages your audience but also drives them to take action.",176,26,,,,,,,,,,
CTA,Elevate Your Copy,17,3,,,,,,,,,,
Buttom,Get Your Free Copywriting Assessment,36,5,,,,,,,,,,
,#3 The Measurable Impact of Effective Copy,,,,,,,,,,,,
,The Measurable Impact of Effective Copy,39,6,H2,,,,,,,,,
,Driving Business Growth Through Persuasive Words,48,6,,,,,,,,,,
,"At Qwantix, we leverage data-driven copywriting strategies to deliver tangible results for businesses:",102,13,,,,,,,,,,
1,Headlines with numbers can generate 73% more social shares and engagement,73,11,,,,,,,,,,
2,Personalized call-to-action buttons increase conversions by up to 202%,70,9,,,,,,,,,,
3,Email subject lines with a sense of urgency can improve open rates by 22%,73,14,,,,,,,,,,
4,Landing pages with clear and concise copy can increase conversions by up to 80%,79,14,,,,,,,,,,
5,Product descriptions that address customer pain points can boost sales by 23%,77,12,,,,,,,,,,
6,A/B testing copy elements can lead to a 30% improvement in conversion rates,75,13,,,,,,,,,,
7,Storytelling in copy can increase conversion rates by up to 30%,63,11,,,,,,,,,,
,"Our strategic approach to copywriting helps you capitalize on these trends, boosting engagement, driving conversions, and increasing ROI across all your marketing channels.",172,23,,,,,,,,,,
CTA,Ready to elevate your copy?,27,5,,,,,,,,,,
Buttom,Get Your Free Copywriting Assessment,36,5,,,,,,,,,,
,#4 Our Comprehensive Copywriting Approach,,,,,,,,,,,,
,Our Comprehensive Copywriting Approach,38,4,H2,,,,,,,,,
,"At Qwantix, we offer a full suite of copywriting services designed to maximize your message's impact and drive results:",119,19,,,,,,,,,,
1,Brand Voice Development,23,3,H3,,,,,,,,,
,Create a unique and consistent brand voice that resonates with your audience.,77,12,,,,,,,,,,
,Impact: Improved brand recognition and emotional connection with customers.,75,9,,,,,,,,,,
2,SEO-Optimized Web Copy,22,3,H3,,,,,,,,,
,Craft engaging website content that ranks well in search engines.,65,10,,,,,,,,,,
,Edge: Increased organic traffic and improved user experience.,61,8,,,,,,,,,,
3,Persuasive Sales Copy,21,3,H3,,,,,,,,,
,Develop compelling product descriptions and sales pages that drive conversions.,79,10,,,,,,,,,,
,Advantage: Higher conversion rates and increased revenue.,57,7,,,,,,,,,,
4,Email Marketing Copy,20,3,H3,,,,,,,,,
,Write effective email campaigns that engage subscribers and prompt action.,74,10,,,,,,,,,,
,"Benefit: Improved open rates, click-through rates, and customer retention.",74,9,,,,,,,,,,
5,Social Media Copywriting,24,3,H3,,,,,,,,,
,Create platform-specific content that encourages engagement and sharing.,72,8,,,,,,,,,,
,Value: Increased social media visibility and community growth.,62,8,,,,,,,,,,
6,Ad Copy Creation,16,3,H3,,,,,,,,,
,Craft attention-grabbing headlines and ad copy for various platforms.,69,9,,,,,,,,,,
,Result: Higher click-through rates and improved ad performance.,63,8,,,,,,,,,,
7,Content Marketing Copy,22,3,H3,,,,,,,,,
,"Develop valuable, informative content that establishes thought leadership.",74,8,,,,,,,,,,
,Insight: Enhanced brand authority and improved customer trust.,62,8,,,,,,,,,,
,"Qwantix leverages creative writing expertise, marketing psychology, and data-driven insights to create copy that not only engages your audience but also drives them to take action across all platforms.",201,29,,,,,,,,,,
CTA,Ready to elevate your copywriting?,34,5,,,,,,,,,,
Buttom,Get Your Free Copywriting Assessment,36,5,,,,,,,,,,
,#5 Why Choose Qwantix for Copywriting?,,,,,,,,,,,,
,Why Choose Qwantix for Copywriting?,35,5,H2,,,,,,,,,
,"At Qwantix, we offer unique advantages in copywriting:",54,8,,,,,,,,,,
1,Persuasive Writing Expertise,28,3,H3,,,,,,,,,
,Our copywriters are skilled in crafting compelling messages that drive action.,78,11,,,,,,,,,,
2,Industry-Specific Knowledge,27,2,H3,,,,,,,,,
,"We have experience writing for various industries, ensuring relevant and impactful copy.",88,12,,,,,,,,,,
3,SEO-Optimized Copy,18,2,H3,,,,,,,,,
,Our writers create content that appeals to both readers and search engines.,75,12,,,,,,,,,,
4,Conversion-Focused Approach,27,2,H3,,,,,,,,,
,We craft copy designed to guide readers through the sales funnel.,65,11,,,,,,,,,,
5,Brand Voice Consistency,23,3,H3,,,,,,,,,
,We ensure your unique brand voice shines through in every piece of content.,75,13,,,,,,,,,,
6,Multi-Format Proficiency,24,2,H3,,,,,,,,,
,"From web pages to email campaigns, we excel in various copywriting formats.",75,12,,,,,,,,,,
7,Data-Driven Refinement,22,2,H3,,,,,,,,,
,We use A/B testing and analytics to continually improve copy performance.,73,11,,,,,,,,,,
8,Quick Turnaround Times,22,3,H3,,,,,,,,,
,We deliver high-quality copy within your project timelines.,59,8,,,,,,,,,,
CTA,Maximize your copywriting's potential with Qwantix experts,58,7,,,,,,,,,,
Buttom,Get Your Free Copywriting Consultation,38,5,,,,,,,,,,
,#6 Our Copywriting Process,,,,,,,,,,,,
,Our Copywriting Process,23,3,H2,,,,,,,,,
,"At Qwantix, we follow a systematic approach to copywriting, tailored to maximize engagement and drive conversions:",114,16,,,,,,,,,,
1,Project Brief and Goal Setting,30,5,H3,,,,,,,,,
,We analyze your objectives and target audience to set clear copywriting goals.,78,12,,,,,,,,,,
,Impact: Copy that aligns perfectly with your marketing objectives.,66,9,,,,,,,,,,
2,Audience Research and Persona Development,41,5,H3,,,,,,,,,
,We conduct in-depth audience analysis to understand their needs and preferences.,80,11,,,,,,,,,,
,Precision: Messaging that resonates deeply with your specific target groups.,76,10,,,,,,,,,,
3,Competitive Analysis,20,2,H3,,,,,,,,,
,We examine competitor messaging to identify opportunities for differentiation.,78,9,,,,,,,,,,
,Advantage: Copy that sets your brand apart in the marketplace.,62,10,,,,,,,,,,
4,Key Message Development,23,3,H3,,,,,,,,,
,We craft core messages that align with your brand voice and campaign objectives.,80,13,,,,,,,,,,
,Benefit: Consistent and compelling messaging across all copy elements.,70,9,,,,,,,,,,
5,Draft Creation,14,2,H3,,,,,,,,,
,"We develop initial copy drafts, focusing on persuasive techniques and SEO best practices.",89,13,,,,,,,,,,
,"Value: Engaging, optimized copy that drives action.",51,7,,,,,,,,,,
6,Editing and Refinement,22,3,H3,,,,,,,,,
,"We rigorously edit and refine the copy to ensure clarity, impact, and brand alignment.",86,14,,,,,,,,,,
,"Result: Polished, professional copy that represents your brand at its best.",75,11,,,,,,,,,,
7,Client Review and Revisions,27,4,H3,,,,,,,,,
,We collaborate closely with you to incorporate feedback and make necessary adjustments.,87,12,,,,,,,,,,
,Insight: Final copy that meets and exceeds your expectations.,61,9,,,,,,,,,,
CTA,Ready to elevate your copywriting?,34,5,,,,,,,,,,
Buttom,Get Your Custom Copywriting Plan,32,5,,,,,,,,,,
,#7 Copywriting FAQ,,,,,,,,,,,,
,Copywriting FAQ,15,2,H2,,,,,,,,,
1,What's the difference between copywriting and content writing?,62,8,H3,,,,,,,,,
,"Copywriting focuses on creating persuasive, action-oriented text designed to prompt an immediate response, like making a purchase or signing up for a newsletter. Content writing, on the other hand, aims to inform, educate, or entertain, often with a long-term goal of building brand authority and trust.",303,46,,,,,,,,,,
2,How do you write effective copy that converts?,46,8,H3,,,,,,,,,
,"Focus on understanding your audience's needs and pain points, use clear and compelling language, highlight benefits over features, include strong calls-to-action, and use persuasive techniques like social proof and scarcity. Always test and refine your copy based on performance data.",284,40,,,,,,,,,,
3,What's the ideal length for different types of copy?,52,9,H3,,,,,,,,,
,It varies depending on the platform and purpose:,48,8,,,,,,,,,,
,Headlines: 5-9 words,20,3,,,,,,,,,,
,Email subject lines: 41 characters or less,42,7,,,,,,,,,,
,Meta descriptions: 155-160 characters,37,4,,,,,,,,,,
,Landing page copy: 300-500 words,32,5,,,,,,,,,,
,Product descriptions: 300-400 words,35,4,,,,,,,,,,
,"Remember, clarity and relevance are more important than strict word counts.",75,11,,,,,,,,,,
4,How important is SEO in copywriting?,36,6,H3,,,,,,,,,
,"Very important, especially for web copy. While your primary focus should be on engaging human readers, incorporating relevant keywords naturally can significantly improve your content's visibility in search results. Balance is key – never sacrifice readability for SEO.",269,38,,,,,,,,,,
5,How do you maintain brand voice consistency in copywriting?,59,9,H3,,,,,,,,,
,"Develop clear brand voice guidelines that outline your tone, style, and key messaging. Create a brand voice chart that shows how your voice adapts across different contexts. Regularly review and update these guidelines, and ensure all copywriters have access to them.",267,41,,,,,,,,,,
6,Can AI replace human copywriters?,33,5,H3,,,,,,,,,
,"While AI can assist with tasks like generating ideas or basic drafts, human copywriters bring creativity, emotional intelligence, and strategic thinking that AI currently can't match. The most effective approach is often a combination of AI tools and human expertise.",267,40,,,,,,,,,,
7,How do you measure the success of copywriting?,46,8,H3,,,,,,,,,
,"Key metrics include conversion rates, click-through rates, engagement metrics (like time on page), and A/B test results. For longer-term projects, consider brand sentiment and customer feedback. Always align your metrics with the specific goals of each piece of copy.",267,39,,,,,,,,,,
CTA,Ready to elevate your copywriting?,34,5,,,,,,,,,,
Buttom,Get Your Customized Copywriting Plan,36,5,,,,,,,,,,
,#8 Ready to Elevate Your Copywriting?,,,,,,,,,,,,
,Ready to Elevate Your Copywriting?,34,5,H2,,,,,,,,,
,Take the first step towards copywriting excellence with Qwantix. Choose the option that best fits your needs:,109,17,,,,,,,,,,
1,Copywriting Audit,17,2,H3,,,,,,,,,
,Get a comprehensive review of your current copy across all channels and identify areas for improvement.,103,16,,,,,,,,,,
CTA,Uncover your copywriting potential,34,4,,,,,,,,,,
Buttom,Request Free Copywriting Audit,30,4,,,,,,,,,,
2,Copywriting Workshop,20,2,H3,,,,,,,,,
,Schedule a hands-on session with our copywriting experts to develop compelling messaging for your brand.,104,15,,,,,,,,,,
CTA,Explore creative copywriting possibilities,42,4,,,,,,,,,,
Buttom,Book Copywriting Workshop,25,3,,,,,,,,,,
3,Custom Copywriting Package,26,3,H3,,,,,,,,,
,Let us create a set of tailored copy elements for your specific marketing needs.,80,14,,,,,,,,,,
CTA,Receive professionally crafted copy,35,4,,,,,,,,,,
Buttom,Get Custom Copywriting Package,30,4,,,,,,,,,,
4,Brand Voice Development,23,3,H3,,,,,,,,,
,Work with our experts to define or refine your unique brand voice for consistent messaging.,91,15,,,,,,,,,,
CTA,Enhance your brand's verbal identity,36,5,,,,,,,,,,
Buttom,Request Brand Voice Development,31,4,,,,,,,,,,
,"Not sure which option is right for you? Don't worry – our copywriting experts are here to help. Contact us, and we'll guide you through the process.",148,27,,,,,,,,,,
CTA,Let's elevate your copywriting,30,4,,,,,,,,,,
Buttom,Contact Qwantix Copywriting Team,32,4,,,,,,,,,,