,Title,Lenth,Words,Level,1 287,Título ,Longitud,Palabras,0,Titel ,Lenth,Words,0
,#1 Hero Section,,,,,,,,,,,,
Title,SEO Agency: Increase Organic Traffic,36,5,H1,,,0,0,,,0,0,
Description,"Employ insights-informed SEO strategies to boost your online visibility and attract qualified traffic. Our expert team merges advanced analytics with industry-leading techniques to elevate your website to the top of search rankings.
Qwantix delivers: Higher rankings. More traffic. Better conversions.",301,39,,,,0,0,,,0,0,
Button,Get Your Free SEO Audit,23,5,,,,0,0,,,0,0,
,#2 Our Search Optimization Methodology,,,,,,,,,,,,
,Our Search Optimization Methodology,35,4,H2,,,0,0,,,0,0,
,"At Qwantix, we believe in a comprehensive, metrics-focused approach to search optimization. Our strategies are designed to not just improve your search rankings, but to drive meaningful traffic that converts. Here's how we make it happen:",238,36,,,,0,0,,,0,0,
1,Comprehensive Website Audit,27,3,H3,,,0,0,,,0,0,
,"We start by thoroughly analyzing your website's current performance, identifying strengths and areas for improvement.",117,15,,,,0,0,,,0,0,
2,Keyword Research and Analysis,29,4,H3,,,0,0,,,0,0,
,"Using advanced tools and techniques, we uncover the most valuable keywords for your business, ensuring we target terms that drive qualified traffic.",148,22,,,,0,0,,,0,0,
3,On-Page Optimization,20,2,H3,,,0,0,,,0,0,
,"We optimize your website's content, meta tags, and structure to align with search engine best practices and user intent.",120,19,,,,0,0,,,0,0,
4,Technical SEO,13,2,H3,,,0,0,,,0,0,
,"Our experts address technical issues that may be hindering your site's performance, from site speed to mobile responsiveness.",125,18,,,,0,0,,,0,0,
5,Content Strategy and Creation,29,4,H3,,,0,0,,,0,0,
,"We develop a content strategy that resonates with your audience and search engines, creating valuable, SEO-optimized content that drives engagement.",148,20,,,,0,0,,,0,0,
6,Link Building and Outreach,26,4,H3,,,0,0,,,0,0,
,We implement ethical link building strategies to boost your site's authority and improve rankings for key terms.,112,17,,,,0,0,,,0,0,
7,Local SEO (if applicable),25,4,H3,,,0,0,,,0,0,
,"For businesses with physical locations, we optimize your local presence to dominate local search results and attract nearby customers.",134,19,,,,0,0,,,0,0,
8,Performance Tracking and Reporting,34,4,H3,,,0,0,,,0,0,
,"We continuously monitor your SEO performance, providing regular, transparent reports on key metrics and ROI.",108,15,,,,0,0,,,0,0,
,#3 SEO by the Numbers,,,,,,,,,,,,
,SEO by the Numbers,18,4,H2,,,0,0,,,0,0,
,68% of online experiences begin with a search engine,52,9,,,,0,0,,,0,0,
,75% of users never scroll past the first page of search results,63,12,,,,0,0,,,0,0,
,70% of marketers see SEO as more effective than PPC,51,10,,,,0,0,,,0,0,
,Organic search drives 53% of all website traffic,48,8,,,,0,0,,,0,0,
,#4 The Qwantix SEO Advantage,,,,,,,,,,,,
,The Qwantix SEO Advantage,25,4,H2,,,0,0,,,0,0,
,"At Qwantix, we don't just follow SEO best practices – we set new standards.",75,14,,,,0,0,,,0,0,
1,Data-Driven Strategies,22,2,H3,,,0,0,,,0,0,
,"We leverage advanced analytics and AI-powered tools to inform our SEO strategies, ensuring decisions based on solid data rather than guesswork.",143,21,,,,0,0,,,0,0,
2,Customized Solutions,20,2,H3,,,0,0,,,0,0,
,"We understand that no two businesses are alike. Our SEO strategies are tailored to your specific industry, target audience, and business goals.",143,22,,,,0,0,,,0,0,
3,Transparent Reporting,21,2,H3,,,0,0,,,0,0,
,"We believe in clear, honest communication. Our detailed reports keep you informed about your SEO performance, with easy-to-understand metrics and actionable insights.",166,22,,,,0,0,,,0,0,
4,Continuous Optimization,23,2,H3,,,0,0,,,0,0,
,"The digital landscape is always evolving, and so are we. We continuously refine our strategies based on performance data and the latest SEO trends.",147,24,,,,0,0,,,0,0,
5,Integrated Approach,19,2,H3,,,0,0,,,0,0,
,"Our SEO services don't exist in a vacuum. We integrate SEO with content marketing, social media, and PPC for a cohesive digital marketing strategy.",147,24,,,,0,0,,,0,0,
,"With Qwantix, you're not just getting SEO services – you're gaining a partner committed to your digital success.",112,18,,,,0,0,,,0,0,
,#5 Our SEO Process,,,,,,,,,,,,
,Our SEO Process,15,3,H2,,,0,0,,,0,0,
,"At Qwantix, we follow a systematic, insight-driven approach to search optimization. Here's how we'll work together to boost your search rankings:",145,21,,,,0,0,,,0,0,
1,Discovery and Goal Setting,26,4,H3,,,0,0,,,0,0,
,"We begin by understanding your business, target audience, and specific objectives. This helps us tailor our SEO strategy to your unique needs.",142,22,,,,0,0,,,0,0,
2,In-Depth SEO Audit,18,3,,,,0,0,,,0,0,
,"Our experts conduct a comprehensive analysis of your website's current SEO performance, identifying strengths and areas for improvement.",137,18,,,,0,0,,,0,0,
3,Strategy Development,20,2,H3,,,0,0,,,0,0,
,"Based on our audit findings and your goals, we create a customized SEO strategy that outlines specific tactics and timelines.",126,20,,,,0,0,,,0,0,
4,Implementation,14,1,H3,,,0,0,,,0,0,
,"We put our plan into action, optimizing your website's structure, content, and technical elements to improve search engine visibility.",135,19,,,,0,0,,,0,0,
5,Monitoring and Optimization,27,3,H3,,,0,0,,,0,0,
,"Using advanced analytics tools, we continuously track your SEO performance and make evidence-based adjustments to maximize results.",131,17,,,,0,0,,,0,0,
6,Regular Reporting,17,2,H3,,,0,0,,,0,0,
,"You'll receive clear, easy-to-understand reports that showcase your SEO progress and ROI. We're always available to discuss these insights and answer your questions.",165,23,,,,0,0,,,0,0,
,Our process ensures that your SEO strategy is always aligned with your business objectives and the latest search engine algorithms.,131,20,,,,0,0,,,0,0,
CTA,Ready to start climbing the search rankings?,44,7,,,,0,0,,,0,0,
Button,Get Your Free SEO Audit,23,5,,,,0,0,,,0,0,
,#6 Tailored Search Optimization Solutions,,,,,,,,,,,,
,Tailored Search Optimization Solutions,38,4,H2,,,0,0,,,0,0,
,"At Qwantix, we recognize the unique digital challenges faced by businesses of all sizes. Our adaptive SEO approach leverages cutting-edge analytics to deliver measurable results in an ever-evolving online landscape. Whether you're a startup establishing your web presence or an established company seeking market dominance, our expertise will accelerate your digital growth.",374,52,,,,0,0,,,0,0,
1,Comprehensive SEO,17,2,H3,,,0,0,,,0,0,
,Elevate your overall online presence with our full-spectrum SEO services.,73,10,,,,0,0,,,0,0,
,In-depth website analysis,25,3,,,,0,0,,,0,0,
,Keyword strategy development,28,3,,,,0,0,,,0,0,
,On-page and off-page optimization,33,4,,,,0,0,,,0,0,
Button,Dominate Search Rankings,24,3,,,,0,0,,,0,0,
2,Local SEO,9,2,H3,,,0,0,,,0,0,
,Dominate your local market and attract nearby customers.,56,8,,,,0,0,,,0,0,
,Google Business Profile optimization,36,4,,,,0,0,,,0,0,
,Local keyword targeting,23,3,,,,0,0,,,0,0,
,Review management,17,2,,,,0,0,,,0,0,
,Local link building,19,3,,,,0,0,,,0,0,
Button,Own Your Local Market,21,4,,,,0,0,,,0,0,
3,E-commerce SEO,14,2,H3,,,0,0,,,0,0,
,Boost your online store's visibility and drive more sales.,58,9,,,,0,0,,,,,
,Product page optimization,25,3,,,,0,0,,,0,0,
,Category structure enhancement,30,3,,,,0,0,,,0,0,
,Rich snippets implementation,28,3,,,,0,0,,,0,0,
,Conversion rate optimization,28,3,,,,0,0,,,0,0,
Button,Supercharge Your Online Sales,29,4,,,,0,0,,,0,0,
4,Technical SEO,13,2,H3,,,0,0,,,0,0,
,Ensure your website's technical foundation supports your SEO efforts.,69,9,,,,0,0,,,0,0,
,Site speed optimization,23,3,,,,0,0,,,0,0,
,Mobile responsiveness,21,2,,,,0,0,,,0,0,
,Schema markup implementation,28,3,,,,0,0,,,0,0,
,Core Web Vitals improvement,27,4,,,,0,0,,,0,0,
Button,Optimize Your Site's Performance,32,4,,,,0,0,,,0,0,
,Not sure which solution fits your needs? Let's discuss your goals and find the perfect SEO strategy for your business.,118,20,,,,0,0,,,0,0,
Button,Schedule Your SEO Consultation,30,4,,,,0,0,,,0,0,
,#7 Search Optimization FAQ,,,,,,,,,,,,
,Search Optimization FAQ,23,3,H2,,,0,0,,,0,0,
,Got questions about improving your search visibility? We've got answers. Here are some of the most common questions our clients ask:,132,21,,,,0,0,,,0,0,
1,What is search engine optimization and why is it important?,59,10,H3,,,0,0,,,0,0,
,"Search engine optimization (SEO) is the practice of improving your website to increase its visibility in organic search results. It's crucial because it helps your target audience find your website, increasing traffic and potential conversions.",244,35,,,,0,0,,,0,0,
2,How long does it take to see results from search optimization efforts?,70,12,H3,,,0,0,,,0,0,
,"Search optimization is a long-term strategy. While some improvements can be seen within a few months, significant results typically take 6-12 months. The timeline can vary depending on factors like your industry, competition, and current website status.",253,37,,,,0,0,,,0,0,
3,What's the difference between organic and paid search results?,62,9,H3,,,0,0,,,0,0,
,"Organic search results appear based on their relevance to the search terms. Paid results are advertisements that appear at the top or bottom of a page. Our focus is on improving your organic search visibility for sustainable, long-term results.",244,39,,,,0,0,,,0,0,
4,How often should I update my website's content?,47,8,H3,,,0,0,,,0,0,
,"Regular content updates benefit your search rankings. We recommend adding fresh, relevant content at least once a week. However, quality is more important than quantity.",169,25,,,,0,0,,,0,0,
5,Can you guarantee a #1 ranking on Google?,41,8,H3,,,0,0,,,0,0,
,"No reputable agency can guarantee a #1 ranking. Search engines use complex, ever-changing algorithms. We focus on improving your overall search visibility and driving quality traffic to your site.",196,29,,,,0,0,,,0,0,
6,What factors influence search rankings?,39,5,H3,,,0,0,,,0,0,
,"Many factors affect rankings, including website quality, content relevance, backlink profile, user experience, and technical aspects like site speed and mobile-friendliness. We consider all these factors in our optimization strategy.",233,30,,,,0,0,,,0,0,
CTA,Still have questions about improving your search visibility? We're here to help!,80,12,,,,0,0,,,0,0,
Button,Get Your Free Search Optimization Consultation,46,6,,,,0,0,,,0,0,
,#8 Call to Action,,,,,,,,,,,,
,"Ready to Climb the Search Rankings?",36,6,H2,,,0,0,,,0,0,
1,Free SEO Audit,14,3,H3,,,0,0,,,0,0,
,Get a comprehensive review of your current SEO performance and discover areas for improvement.,94,14,,,,0,0,,,0,0,
Button,Request Free SEO Audit,22,4,,,,0,0,,,0,0,
2,Search Strategy Consultation,28,3,H3,,,0,0,,,0,0,
,Schedule a one-on-one call with our SEO experts to discuss your goals and potential strategies.,95,15,,,,0,0,,,0,0,
Button,Book SEO Consultation,21,3,,,,0,0,,,0,0,
3,Custom SEO Proposal,19,3,H3,,,0,0,,,0,0,
,"Tell us about your business, and we'll prepare a tailored SEO strategy proposal.",80,13,,,,0,0,,,0,0,
Button,Get Custom SEO Proposal,23,4,,,,0,0,,,0,0,
,"Not sure which option is right for you? Don't worry – we're here to help. Contact us, and we'll guide you through the process.",126,24,,,,0,0,,,0,0,
CTA,Let's Start Your SEO Journey,28,5,,,,0,0,,,0,0,
Button,Contact Qwantix,15,2,,,,0,0,,,0,0,
,#9 Related Resources,20,3,,,,,,,,,,
,"Related Resources",18,2,H2,,,0,0,,,0,0,
,Dive deeper into the world of SEO with our expert insights and guides:,70,13,,,,0,0,,,0,0,
,Stay Informed with Qwantix Insights,35,5,H3,,,0,0,,,0,0,
,"Subscribe to our newsletter for the latest search optimization insights, trends, and strategies delivered straight to your inbox.",129,18,,,,0,0,,,0,0,
,We respect your privacy and promise not to spam – only valuable content that helps your business grow.,102,18,,,,0,0,,,0,0,
Button,Subscribe Now,13,2,,,,0,0,,,0,0,