,Title,Lenth,Words,Level,1 469,Título ,Longitud,Palabras,0,Titel ,Lenth,Words,0
,#1 Hero Section,,,,,#1 Sección Principal,,,,#1 Hauptabschnitt,,,
,Shopping Ads: Boost Product Visibility,38,5,H1,,,,,,,,,
,"Maximize sales with Qwantix's expert shopping ad strategies. Our specialists create high-performing campaigns that showcase your products to motivated buyers across search engines and marketplaces.
Qwantix shopping ads expertise delivers: Increased product visibility. Higher click-through rates. Improved conversion rates. Optimized return on ad spend.",353,43,,,,,,,,,,
Button,Drive More Product Sales,24,4,,,,,,,,,,
,#2 Boost Sales with Targeted Shopping Ads,,,,,,,,,,,,
,Boost Sales with Targeted Shopping Ads,38,6,H2,,,,,,,,,
,Shopping ads allow you to showcase your products directly in search results and on partner websites. Our strategies help you:,125,20,,,,,,,,,,
1,"Display product images, prices, and details in search results",61,9,H3,,,,,,,,,
2,Reach shoppers with high purchase intent,40,6,H3,,,,,,,,,
3,Increase visibility for specific products,41,5,H3,,,,,,,,,
4,Compete effectively in your product niche,41,6,H3,,,,,,,,,
5,Adapt quickly to inventory and pricing changes,46,7,H3,,,,,,,,,
6,Complement your organic product listings,40,5,H3,,,,,,,,,
,"Qwantix combines product feed optimization, strategic bidding, and continuous performance analysis to create shopping ad campaigns that boost product visibility and drive sales.",177,23,,,,,,,,,,
CTA,Maximize Your Product Visibility,32,4,,,,,,,,,,
Buttom,Get Your Free Shopping Ads Assessment,37,6,,,,,,,,,,
,#3 Driving E-commerce Growth Through Strategic Shopping Campaigns,,,,,,,,,,,,
,Driving E-commerce Growth Through Strategic Shopping Campaigns,62,7,H2,,,,,,,,,
,"At Qwantix, we harness the power of product listing ads to deliver tangible results for online retailers:",105,17,,,,,,,,,,
1,Shopping campaigns have a 30% higher conversion rate compared to text-based search ads,86,13,,,,,,,,,,
2,85% of all Google paid search clicks are on product listing ads for e-commerce businesses,89,15,,,,,,,,,,
3,Product-focused campaigns account for over 60% of retailers' Google ad spend,76,11,,,,,,,,,,
4,The average click-through rate for Google Shopping ads is 0.86%,63,10,,,,,,,,,,
5,Mobile product ads have a 20% higher conversion rate than on desktop,68,12,,,,,,,,,,
6,45% of e-commerce advertisers cite product listing ads as their most effective paid channel,91,14,,,,,,,,,,
7,Marketplace advertising can increase product visibility by up to 50% on platforms like Amazon,93,14,,,,,,,,,,
8,"Shopping ads drive 76% of retail search ad spend on Google, showcasing their dominance in e-commerce advertising",112,17,,,,,,,,,,
,"Our data-driven approach to product advertising helps you capitalize on these trends, boosting item visibility, driving qualified traffic to your online store, and increasing sales across search engines and e-commerce marketplaces.",231,31,,,,,,,,,,
CTA,Ready to boost your product sales?,34,6,,,,,,,,,,
Buttom,Get Your Free Product Ad Performance Analysis,45,7,,,,,,,,,,
,#4 Our Comprehensive Shopping Ads Management Approach,,,,,,,,,,,,
,Our Comprehensive Shopping Ads Management Approach,50,6,H2,,,,,,,,,
,"At Qwantix, we offer a full suite of shopping ads management services designed to maximize your product visibility and drive sales:",131,21,,,,,,,,,,
1,Product Feed Optimization,25,3,H3,,,,,,,,,
,Optimize your product data feed for better visibility and relevance in shopping results.,88,13,,,,,,,,,,
,"Edge: Improved product discoverability, higher click-through rates, and increased conversions.",94,10,,,,,,,,,,
2,Smart Bidding Strategies for Shopping,37,5,H3,,,,,,,,,
,Implement advanced bidding strategies tailored for shopping campaigns across platforms.,87,10,,,,,,,,,,
,"Impact: Optimal product placement, improved ROAS, and efficient budget allocation.",82,10,,,,,,,,,,
3,Product Listing Ad Copy Enhancement,35,5,H3,,,,,,,,,
,Craft compelling product titles and descriptions that stand out in shopping results.,84,12,,,,,,,,,,
,"Advantage: Higher click-through rates, improved Quality Score, and better ad positions.",87,11,,,,,,,,,,
4,Shopping Campaign Structure Optimization,40,4,H3,,,,,,,,,
,Develop and refine campaign structures to maximize performance for different product categories.,96,12,,,,,,,,,,
,"Benefit: Improved control over bids, better budget allocation, and increased overall campaign efficiency.",105,13,,,,,,,,,,
5,Cross-Platform Shopping Ad Management,37,4,H3,,,,,,,,,
,"Manage and optimize your shopping campaigns across Google, Bing, and other relevant platforms.",94,13,,,,,,,,,,
,"Result: Expanded reach, diversified traffic sources, and comprehensive market coverage.",87,10,,,,,,,,,,
6,Dynamic Remarketing for Products,32,4,H3,,,,,,,,,
,Create personalized ads featuring products that users have previously viewed or interacted with.,96,13,,,,,,,,,,
,"Value: Increased conversion rates, improved customer retention, and higher average order value.",95,12,,,,,,,,,,
7,Shopping Performance Analysis,29,3,H3,,,,,,,,,
,Conduct in-depth analysis of product performance to identify top sellers and optimization opportunities.,104,13,,,,,,,,,,
,"Insight: Data-driven decision making, improved inventory management, and strategic product promotion.",101,11,,,,,,,,,,
8,Seasonal Campaign Optimization,30,3,H3,,,,,,,,,
,Adjust strategies for peak shopping seasons and special events.,63,9,,,,,,,,,,
,Impact: Maximize sales during high-traffic periods and outperform competitors.,78,9,,,,,,,,,,
,"Qwantix leverages advanced tools, platform-specific expertise, and data-driven insights to fine-tune these critical aspects, ensuring your shopping campaigns drive maximum visibility and sales for your products.",211,26,,,,,,,,,,
CTA,Ready to boost your product sales?,34,6,,,,,,,,,,
Buttom,Get Your Free Shopping Ads Audit,32,6,,,,,,,,,,
,#5 Why Choose Qwantix for Shopping Ads Management?,,,,,,,,,,,,
,Why Choose Qwantix for Shopping Ads Management?,47,7,H2,,,,,,,,,
,"At Qwantix, we offer unique advantages in shopping advertising:",63,9,,,,,,,,,,
1,Proven Track Record,19,3,H3,,,,,,,,,
,We've helped numerous e-commerce businesses increase their ROI through optimized shopping campaigns.,100,12,,,,,,,,,,
2,Multi-Platform Expertise,24,2,H3,,,,,,,,,
,"Our team is certified in Google Shopping, Microsoft Shopping, and Amazon Advertising.",85,12,,,,,,,,,,
3,Proprietary Optimization Tools,30,3,H3,,,,,,,,,
,"We use custom-built tools for feed optimization and bid management, giving us an edge over competitors.",103,16,,,,,,,,,,
4,Industry-Specific Insights,26,2,H3,,,,,,,,,
,Our experience across various e-commerce sectors allows us to apply proven strategies to your niche.,100,15,,,,,,,,,,
5,Data-Driven Decision Making,27,3,H3,,,,,,,,,
,We base all our strategies on comprehensive data analysis and continuous testing.,81,12,,,,,,,,,,
6,Transparent Reporting,21,2,H3,,,,,,,,,
,"Our custom dashboards provide clear, actionable insights into your shopping campaign performance.",97,12,,,,,,,,,,
7,Dedicated Account Management,28,3,H3,,,,,,,,,
,You'll have a dedicated shopping ads specialist who understands your business goals and market.,95,14,,,,,,,,,,
8,Scalable Solutions,18,2,H3,,,,,,,,,
,"Our approach is designed to grow with your business, from small-scale tests to large-scale campaigns.",101,15,,,,,,,,,,
CTA,Maximize your product sales potential with Qwantix experts,58,8,,,,,,,,,,
Buttom,Get Your Free Shopping Ads Consultation,39,6,,,,,,,,,,
,#6 Our Shopping Ads Management Process,,,,,,,,,,,,
,Our Shopping Ads Management Process,35,5,H2,,,,,,,,,
,"At Qwantix, we follow a systematic approach to shopping ads management, tailored specifically for product advertising:",118,16,,,,,,,,,,
1,Product Feed Analysis and Optimization,38,5,H3,,,,,,,,,
,We analyze and optimize your product feed to ensure maximum visibility and relevance.,85,13,,,,,,,,,,
,Impact: Improved product discoverability and higher Quality Scores.,67,8,,,,,,,,,,
2,Shopping Campaign Structure Design,34,4,H3,,,,,,,,,
,We create a strategic campaign structure based on your product categories and business goals.,93,14,,,,,,,,,,
,Precision: Optimized budget allocation and granular performance control.,72,8,,,,,,,,,,
3,Product Listing Ad Creation,27,4,H3,,,,,,,,,
,"We craft compelling product titles, descriptions, and images that stand out in shopping results.",96,14,,,,,,,,,,
,Advantage: Higher click-through rates and improved conversion rates.,68,8,,,,,,,,,,
4,Bidding Strategy Implementation,31,3,H3,,,,,,,,,
,We develop and implement advanced bidding strategies specific to shopping platforms.,84,11,,,,,,,,,,
,Efficiency: Maximize visibility for high-performing products while optimizing spend.,84,9,,,,,,,,,,
5,Competitor Analysis and Price Monitoring,40,5,H3,,,,,,,,,
,We continuously monitor competitor pricing and adjust strategies accordingly.,77,9,,,,,,,,,,
,Edge: Maintain competitiveness in the marketplace and maximize sales opportunities.,83,10,,,,,,,,,,
6,Performance Tracking and Optimization,37,4,H3,,,,,,,,,
,We track key performance metrics and make data-driven optimizations.,68,9,,,,,,,,,,
,Growth: Continuous improvement in campaign performance and ROI.,63,8,,,,,,,,,,
7,Cross-Platform Shopping Campaign Management,43,4,H3,,,,,,,,,
,"We manage and optimize your shopping campaigns across multiple platforms (e.g., Google, Bing, Amazon).",102,14,,,,,,,,,,
,Reach: Expand your product visibility across various shopping platforms.,72,9,,,,,,,,,,
CTA,Ready to boost your product sales through strategic shopping ads?,65,10,,,,,,,,,,
Buttom,Get Your Custom Shopping Ads Strategy,37,6,,,,,,,,,,
,#7 Shopping Advertising FAQ,,,,,,,,,,,,
,Shopping Advertising FAQ,24,3,H2,,,,,,,,,
1,What's the difference between Shopping ads and text-based search ads?,69,10,H3,,,,,,,,,
,"Shopping ads display product images, prices, and details directly in search results, while text ads only show text. Shopping ads are ideal for e-commerce businesses showcasing specific products.",194,28,,,,,,,,,,
2,How do I optimize my product feed for better performance?,57,10,H3,,,,,,,,,
,"Focus on accurate and detailed product titles, descriptions, and high-quality images. Use relevant keywords, keep pricing up-to-date, and ensure your feed complies with platform guidelines.",189,25,,,,,,,,,,
3,Can I use Shopping ads on platforms other than Google?,54,10,H3,,,,,,,,,
,"Yes, Shopping ads are available on various platforms including Google, Bing, Facebook, and Instagram. Each platform has its own specifications and best practices.",162,23,,,,,,,,,,
4,How do Shopping ads impact my organic search rankings?,54,9,H3,,,,,,,,,
,"While Shopping ads don't directly affect organic rankings, they can complement your SEO efforts by increasing brand visibility and driving traffic to your product pages.",169,25,,,,,,,,,,
5,What metrics should I track for Shopping ad campaigns?,54,9,H3,,,,,,,,,
,"Key metrics include click-through rate (CTR), conversion rate, return on ad spend (ROAS), impression share, and average cost-per-click (CPC). Also monitor product-specific performance.",184,23,,,,,,,,,,
6,How often should I update my Shopping ad campaigns?,51,9,H3,,,,,,,,,
,"Regularly update your product feed (at least weekly), adjust bids based on performance, and refresh your campaign structure seasonally or as your product lineup changes.",169,25,,,,,,,,,,
7,Can I use remarketing with Shopping ads?,40,7,H3,,,,,,,,,
,"Yes, you can create remarketing campaigns using Shopping ads to re-engage users who have previously interacted with your products or website.",141,21,,,,,,,,,,
8,"How do Shopping ads differ across various e-commerce platforms like Google, Amazon, and Bing?",93,14,H3,,,,,,,,,
,"While all platforms show product images and prices, each has unique features. Google Shopping offers the widest reach, Amazon ads appear directly on the marketplace, and Bing Shopping provides access to the Microsoft network. We tailor strategies to each platform's strengths.",276,41,,,,,,,,,,
CTA,Ready to boost your product visibility and sales?,49,8,,,,,,,,,,
Buttom,Get Your Customized Shopping Ads Strategy,41,6,,,,,,,,,,
,#8 Ready to Boost Your Product Visibility and Sales?,,,,,,,,,,,,
,Ready to Boost Your Product Visibility and Sales?,49,8,H2,,,,,,,,,
,Take the first step towards shopping advertising excellence with Qwantix. Choose the option that best fits your needs:,118,18,,,,,,,,,,
1,Product Feed Audit,18,3,H3,,,,,,,,,
,Get a comprehensive review of your product feed and uncover optimization opportunities for better visibility in shopping results.,129,18,,,,,,,,,,
CTA,Improve your product data quality,33,5,,,,,,,,,,
Buttom,Request Free Product Feed Audit,31,5,,,,,,,,,,
2,Shopping Campaign Performance Analysis,38,4,H3,,,,,,,,,
,"Receive an in-depth analysis of your current shopping campaigns across platforms, identifying areas for improvement.",116,15,,,,,,,,,,
CTA,Unlock your shopping ads potential,34,5,,,,,,,,,,
Buttom,Get Your Free Shopping Ads Analysis,35,6,,,,,,,,,,
3,Multi-Platform Shopping Strategy Session,40,4,H3,,,,,,,,,
,Schedule a one-on-one call with our shopping ads experts to discuss your goals and potential strategies across various e-commerce platforms.,140,20,,,,,,,,,,
CTA,Explore your path to shopping advertising success,49,7,,,,,,,,,,
Buttom,Book Shopping Ads Consultation,30,4,,,,,,,,,,
4,Custom Shopping Ads Proposal,28,4,H3,,,,,,,,,
,"Tell us about your business, and we'll prepare a tailored shopping advertising strategy proposal.",97,14,,,,,,,,,,
CTA,Receive a shopping ads plan customized to your product catalog,62,10,,,,,,,,,,
Buttom,Get Custom Shopping Ads Proposal,32,5,,,,,,,,,,
,"Not sure which option is right for you? Don't worry – our shopping advertising experts are here to help. Contact us, and we'll guide you through the process.",157,28,,,,,,,,,,
CTA,Let's boost your product visibility and sales,45,7,,,,,,,,,,
Buttom,Contact Qwantix Shopping Ads Team,33,5,,,,,,,,,,