,Title,Lenth,Words,Level,1 373,Título ,Longitud,Palabras,0,Titel ,Lenth,Words,0
,#1 Hero Section,,,,,#1 Sección Principal,,,,#1 Hauptabschnitt,,,
,Content Localization: Expand Your Global Reach,46,6,H1,,,,,,,,,
,"Transform your global presence with Qwantix's expert content localization services. Our specialists adapt your content to resonate with diverse audiences, ensuring cultural relevance and linguistic accuracy across markets.
Qwantix content localization expertise delivers:
Increased global audience engagement
Enhanced brand consistency across markets
Improved local market penetration
Higher conversion rates in international markets
Greater global brand authority",464,50,,,,,,,,,,
Button,Globalize Your Content Strategy,31,4,,,,,,,,,,
,#2 Bridging Cultures Through Tailored Content,,,,,,,,,,,,
,Bridging Cultures Through Tailored Content,42,5,H2,,,,,,,,,
,"In a globalized digital landscape, effective content localization is crucial for connecting with diverse audiences. Our approach helps you:",139,19,,,,,,,,,,
1,Adapt your message to resonate with local cultural nuances,58,9,H3,,,,,,,,,
2,Maintain brand consistency across different markets,51,6,H3,,,,,,,,,
3,Increase engagement and conversion rates in international markets,65,8,H3,,,,,,,,,
4,Avoid cultural misunderstandings and potential PR issues,56,7,H3,,,,,,,,,
5,Improve search engine rankings in local markets,47,7,H3,,,,,,,,,
6,Enhance user experience for non-native speakers,47,6,H3,,,,,,,,,
7,Build trust and credibility with local audiences,48,7,H3,,,,,,,,,
8,Gain a competitive edge in new markets,38,7,H3,,,,,,,,,
,"Qwantix combines linguistic expertise, cultural knowledge, and data-driven insights to create localized content that not only translates your message but truly connects with your target audience in each market.",210,29,,,,,,,,,,
CTA,Globalize Your Content Strategy,31,4,,,,,,,,,,
Buttom,Get Your Free Content Localization Assessment,45,6,,,,,,,,,,
,#3 Driving Global Growth Through Localized Content,,,,,,,,,,,,
,Driving Global Growth Through Localized Content,47,6,H2,,,,,,,,,
,"At Qwantix, we leverage data-driven content localization strategies to deliver tangible results for businesses:",111,14,,,,,,,,,,
1,75% of consumers prefer to buy products in their native language,64,11,,,,,,,,,,
2,Localized content increases conversion rates by up to 70%,57,9,,,,,,,,,,
3,56% of consumers say the ability to obtain information in their own language is more important than price,105,18,,,,,,,,,,
4,Websites with localized content see a 70% increase in time spent on page,72,13,,,,,,,,,,
5,65% of multinational companies believe localization is either important or very important for achieving higher revenues,119,16,,,,,,,,,,
6,Localized mobile apps see 128% more downloads than non-localized apps,69,10,,,,,,,,,,
7,40% of internet users will not buy from websites in other languages,67,12,,,,,,,,,,
,"Our strategic approach to content localization helps you capitalize on these trends, boosting global engagement, increasing international market penetration, and driving conversions across diverse audiences.",207,25,,,,,,,,,,
CTA,Globalize Your Content Strategy,31,4,,,,,,,,,,
Buttom,Get Your Free Content Localization Assessment,45,6,,,,,,,,,,
,#4 Our Comprehensive Content Localization Approach,,,,,,,,,,,,
,Our Comprehensive Content Localization Approach,47,5,H2,,,,,,,,,
,"At Qwantix, we offer a full suite of content localization services designed to maximize your global impact:",107,17,,,,,,,,,,
1,Cultural Adaptation,19,2,H3,,,,,,,,,
,Tailor content to resonate with specific cultural nuances and preferences.,74,10,,,,,,,,,,
,Impact: Content that truly connects with local audiences and avoids cultural missteps.,86,12,,,,,,,,,,
2,Linguistic Expertise,20,2,H3,,,,,,,,,
,Provide accurate translations that maintain the original message's intent and tone.,83,11,,,,,,,,,,
,Edge: Nuanced communication that feels natural to native speakers.,66,9,,,,,,,,,,
3,Visual Content Localization,27,3,H3,,,,,,,,,
,"Adapt images, graphics, and videos to suit local visual preferences and cultural norms.",87,13,,,,,,,,,,
,Advantage: Visually appealing content that resonates across different markets.,78,9,,,,,,,,,,
4,SEO Localization,16,2,H3,,,,,,,,,
,Optimize content for local search engines and regional search behaviors.,72,10,,,,,,,,,,
,Benefit: Improved visibility and organic traffic in target markets.,67,9,,,,,,,,,,
5,Local Regulatory Compliance,27,3,H3,,,,,,,,,
,"Ensure content adheres to local laws, regulations, and industry standards.",74,10,,,,,,,,,,
,Value: Risk mitigation and smooth market entry.,47,7,,,,,,,,,,
6,Localized User Experience,25,3,H3,,,,,,,,,
,Adapt website and app interfaces for local user expectations and behaviors.,75,11,,,,,,,,,,
,Result: Improved user engagement and conversion rates in international markets.,79,10,,,,,,,,,,
7,Multilingual Content Management,31,3,H3,,,,,,,,,
,Implement systems to efficiently manage and update content across multiple languages.,85,11,,,,,,,,,,
,Insight: Streamlined processes for maintaining consistent global messaging.,75,8,,,,,,,,,,
,"Qwantix leverages cultural expertise, linguistic skills, and market-specific knowledge to create localized content that resonates deeply with your target audiences in each market.",179,23,,,,,,,,,,
CTA,Globalize Your Content Strategy,31,4,,,,,,,,,,
Buttom,Get Your Free Content Localization Assessment,45,6,,,,,,,,,,
,#5 Why Choose Qwantix for Content Localization?,,,,,,,,,,,,
,Why Choose Qwantix for Content Localization?,44,6,H2,,,,,,,,,
,"At Qwantix, we offer unique advantages in content localization:",63,9,,,,,,,,,,
1,Cultural Expertise,18,2,H3,,,,,,,,,
,Our team includes native speakers and cultural experts for authentic localization.,82,11,,,,,,,,,,
2,Linguistic Precision,20,2,H3,,,,,,,,,
,We ensure accurate translations that maintain the original message's intent and tone.,85,12,,,,,,,,,,
3,Technology-Assisted Localization,32,2,H3,,,,,,,,,
,We use advanced translation memory tools for consistency and efficiency.,72,10,,,,,,,,,,
4,Multi-Format Capabilities,25,2,H3,,,,,,,,,
,"We localize various content types, from websites to marketing materials and software interfaces.",96,13,,,,,,,,,,
5,SEO-Integrated Localization,27,2,H3,,,,,,,,,
,Our localized content is optimized for search engines in target markets.,72,11,,,,,,,,,,
6,Quality Assurance Process,25,3,H3,,,,,,,,,
,We employ rigorous QA checks to ensure high-quality localized content.,70,10,,,,,,,,,,
7,Scalable Solutions,18,2,H3,,,,,,,,,
,"Our approach can handle projects of any size, from single documents to entire websites.",87,14,,,,,,,,,,
8,Market-Specific Insights,24,2,H3,,,,,,,,,
,We provide valuable insights into local market preferences and trends.,70,10,,,,,,,,,,
CTA,Globalize Your Content Strategy,31,4,,,,,,,,,,
Buttom,Get Your Free Content Localization Consultation,47,6,,,,,,,,,,
,#6 Our Content Localization Process,,,,,,,,,,,,
,#6 Our Content Localization Process,35,5,H2,,,,,,,,,
,"At Qwantix, we follow a systematic approach to content localization, tailored to maximize cultural relevance and linguistic accuracy:",133,18,,,,,,,,,,
1,Content Audit and Goal Setting,30,5,H3,,,,,,,,,
,We analyze your existing content and define localization objectives aligned with your global strategy.,102,14,,,,,,,,,,
,Impact: Clear understanding of localization needs and priorities.,65,8,,,,,,,,,,
2,Target Market Analysis,22,3,H3,,,,,,,,,
,We conduct in-depth research on target markets' cultural nuances and linguistic preferences.,92,12,,,,,,,,,,
,Precision: Localized content that truly resonates with local audiences.,71,9,,,,,,,,,,
3,Localization Strategy Development,33,3,H3,,,,,,,,,
,We create a comprehensive plan for adapting content across various markets and platforms.,89,13,,,,,,,,,,
,Advantage: Consistent and effective localization approach across all channels.,78,9,,,,,,,,,,
4,Content Translation and Adaptation,34,4,H3,,,,,,,,,
,"Our linguists translate and adapt your content, ensuring cultural relevance and brand consistency.",98,13,,,,,,,,,,
,Benefit: Culturally appropriate content that maintains your brand voice.,72,9,,,,,,,,,,
5,Visual Content Localization,27,3,H3,,,,,,,,,
,"We adapt images, graphics, and videos to suit local visual preferences and cultural norms.",90,14,,,,,,,,,,
,Value: Visually appealing content that connects with local audiences.,69,9,,,,,,,,,,
6,Quality Assurance and Review,28,4,H3,,,,,,,,,
,"We employ rigorous QA processes, including native speaker reviews, to ensure accuracy and cultural fit.",103,15,,,,,,,,,,
,Result: High-quality localized content that meets local standards.,66,8,,,,,,,,,,
7,Performance Monitoring and Optimization,39,4,H3,,,,,,,,,
,We track localized content performance and make data-driven improvements.,73,9,,,,,,,,,,
,Insight: Continuous refinement of localization strategies for optimal results.,78,9,,,,,,,,,,
CTA,Globalize Your Content Strategy,31,4,,,,,,,,,,
Buttom,Get Your Custom Content Localization Plan,41,6,,,,,,,,,,
,#7 Content Localization FAQ,,,,,,,,,,,,
,Content Localization FAQ,24,3,H2,,,,,,,,,
1,What is content localization and how does it differ from translation?,69,11,H3,,,,,,,,,
,"Content localization goes beyond simple translation. It involves adapting content to suit the cultural, linguistic, and social norms of a specific target market. This includes adjusting idioms, cultural references, imagery, and even layout to ensure the content resonates with the local audience.",296,42,,,,,,,,,,
2,Why is content localization important for businesses?,53,7,H3,,,,,,,,,
,"Localization helps businesses connect more effectively with international audiences, increase engagement rates, improve conversion rates, and avoid cultural misunderstandings. It's crucial for building trust and credibility in new markets.",239,29,,,,,,,,,,
3,Which types of content should be localized?,43,7,H3,,,,,,,,,
,"Ideally, all customer-facing content should be localized, including websites, marketing materials, product descriptions, social media posts, and customer support resources. The priority depends on your business goals and target markets.",236,30,,,,,,,,,,
4,How do you ensure the quality of localized content?,51,9,H3,,,,,,,,,
,"We use native speakers and cultural experts for each target market, employ rigorous quality assurance processes, and often conduct local market testing. We also use translation memory tools to ensure consistency across all content.",231,34,,,,,,,,,,
5,How does SEO fit into content localization?,43,7,H3,,,,,,,,,
,"SEO is a crucial part of content localization. This includes researching local keywords, optimizing for local search engines, and adapting meta tags and descriptions. The goal is to ensure your localized content is discoverable by your target audience in each market.",267,41,,,,,,,,,,
6,How long does the content localization process typically take?,62,9,H3,,,,,,,,,
,"The timeline varies depending on the volume and complexity of content, as well as the number of target languages. A small website might take a few weeks, while a large e-commerce site with multiple languages could take several months.",234,39,,,,,,,,,,
7,How can we maintain brand consistency while localizing content?,63,9,H3,,,,,,,,,
,We develop a comprehensive localization style guide that outlines how key brand elements should be adapted for each market. This ensures your brand voice remains consistent while still resonating with local audiences.,217,32,,,,,,,,,,
CTA,Globalize Your Content Strategy,31,4,,,,,,,,,,
Buttom,Get Your Custom Content Localization Plan,41,6,,,,,,,,,,
,#8 Ready to Globalize Your Content?,,,,,,,,,,,,
,Ready to Globalize Your Content?,32,5,H2,,,,,,,,,
,Take the first step towards content localization excellence with Qwantix. Choose the option that best fits your needs:,118,18,,,,,,,,,,
1,Content Localization Audit,26,3,H3,,,,,,,,,
,Get a comprehensive review of your current content and its potential for localization across target markets.,108,16,,,,,,,,,,
CTA,Uncover your global content potential,37,5,,,,,,,,,,
Buttom,Request Free Content Localization Audit,39,5,,,,,,,,,,
2,Localization Strategy Workshop,30,3,H3,,,,,,,,,
,Schedule a hands-on session with our localization experts to develop a tailored content localization plan for your business.,124,18,,,,,,,,,,
CTA,Explore global content possibilities,36,4,,,,,,,,,,
Buttom,Book Localization Strategy Workshop,35,4,,,,,,,,,,
3,Custom Localization Roadmap,27,3,H3,,,,,,,,,
,Let us create a detailed localization roadmap aligned with your global expansion goals and target markets.,106,16,,,,,,,,,,
CTA,Receive a strategic localization plan,37,5,,,,,,,,,,
Buttom,Get Custom Localization Roadmap,31,4,,,,,,,,,,
4,Target Market Analysis,22,3,H3,,,,,,,,,
,Get an in-depth analysis of your target markets' cultural and linguistic preferences to inform your localization strategy.,122,17,,,,,,,,,,
CTA,Enhance your global targeting,29,4,,,,,,,,,,
Buttom,Request Target Market Analysis,30,4,,,,,,,,,,
,"Not sure which option is right for you? Don't worry – our content localization experts are here to help. Contact us, and we'll guide you through the process.",157,28,,,,,,,,,,
CTA,Let's globalize your content strategy,37,5,,,,,,,,,,
Buttom,Contact Qwantix Localization Team,33,4,,,,,,,,,,