,Title,Lenth,Words,Level,1 274,Título ,Longitud,Palabras,0,Titel ,Lenth,Words,0
,#1 Hero Section,,,,,#1 Sección Principal,,,,#1 Hauptabschnitt,,,
Title,Local SEO: Attract Nearby Customers,35,5,H1,,,0,0,,,0,0,
,"Leverage analytics-driven strategies to enhance your neighborhood presence and increase store visits. Our expert team combines advanced local insights with proven techniques to position your business at the top of local search results.
Qwantix delivers: Higher local rankings. More local traffic. Better local conversions.",322,43,,,,,,,,,,
Button,Get Your Free Local SEO Assessment,34,6,,,,,,,,,,
,#2 The Power of Local Search,,,,,,,,,,,,
,The Power of Local Search,25,5,H2,,,,,,,,,
,Local search drives foot traffic and online conversions for businesses with physical locations. Our local SEO strategies help you:,130,19,,,,,,,,,,
,Excel in neighborhood search listings,37,5,H3,,,,,,,,,
,Increase visibility in Google Maps,34,5,H3,,,,,,,,,
,Attract more nearby customers,29,4,H3,,,,,,,,,
,Improve local brand recognition,31,4,H3,,,,,,,,,
,Boost in-store and online sales,31,5,H3,,,,,,,,,
,"Qwantix utilizes cutting-edge local search algorithms to optimize your business's visibility in your target area to position your business at the top of local results, ensuring you're the first choice for nearby customers.",222,33,,,,,,,,,,
Button,Get Your Free Local SEO Audit Now,33,7,,,,,,,,,,
,#3 Area-Specific SEO Impact,,,,,,,,,,,,
,Area-Specific SEO Impact,24,3,H2,,,,,,,,,
,"At Qwantix, we deliver measurable results for businesses in your area:",70,11,,,,,,,,,,
,97% of consumers search online for local businesses,51,8,,,,,,,,,,
,46% of all Google searches have local intent,44,8,,,,,,,,,,
,72% of consumers who search locally visit a store within 5 km,61,12,,,,,,,,,,
,78% of local mobile searches result in offline purchases,56,9,,,,,,,,,,
,"Our local SEO strategies help you capitalize on these trends, driving more foot traffic and online conversions for your business.",129,20,,,,,,,,,,
CTA,Prepared to lead in your local arena?,37,7,,,,,,,,,,
Button,Get Your Free Local SEO Assessment,34,6,,,,,,,,,,
,#4 Our Comprehensive Local SEO Approach,,,,,,,,,,,,
,Our Comprehensive Local SEO Approach,36,5,H2,,,,,,,,,
,"At Qwantix, we offer a comprehensive suite of local SEO services designed to propel your business to the forefront of local search and drive foot traffic:",154,26,,,,,,,,,,
1,Google Business Profile Optimization,36,4,H3,,,,,,,,,
,Enhance your community visibility with a fully optimized and engaging Google Business Profile.,94,13,,,,,,,,,,
,Outcome: Increase your chances of appearing in the local 3-pack and attract more nearby customers.,98,15,,,,,,,,,,
2,Area-Specific Keyword Strategy,30,3,H3,,,,,,,,,
,Target location-specific keywords to attract nearby customers actively searching for your products or services.,111,14,,,,,,,,,,
,Impact: Improve your rankings for local search terms and capture more qualified leads.,86,13,,,,,,,,,,
3,Location-Specific Content Creation,34,3,H3,,,,,,,,,
,"Develop compelling, locally-relevant content that resonates with your community and improves search rankings.",109,13,,,,,,,,,,
,Advantage: Establish your business as a local authority and improve engagement with potential customers.,104,14,,,,,,,,,,
4,Citation Building and Management,32,4,H3,,,,,,,,,
,Ensure consistent and accurate business information across all online directories and platforms.,96,12,,,,,,,,,,
,Result: Boost your local search rankings and make it easier for customers to find and contact you.,98,17,,,,,,,,,,
5,Review Management,17,2,H3,,,,,,,,,
,Implement strategies to generate positive reviews and effectively manage your online reputation.,96,12,,,,,,,,,,
,Value: Build trust with potential customers and improve your local search visibility.,85,12,,,,,,,,,,
6,Community-focused Link Building,31,3,H3,,,,,,,,,
,Build authoritative local backlinks to boost your website's credibility in your target area.,92,13,,,,,,,,,,
,Gain: Improve your domain authority and local search rankings.,62,9,,,,,,,,,,
7,Schema Markup Implementation,28,3,H3,,,,,,,,,
,Enhance your search listings with rich snippets to stand out in local search results.,85,14,,,,,,,,,,
,Edge: Increase your click-through rates and provide more informative search results to potential customers.,107,14,,,,,,,,,,
,#5 Why Choose Qwantix for Local SEO?,,,,,,,,,,,,
,#5 Why Choose Qwantix for Local SEO?,36,7,H2,,,,,,,,,
,"At Qwantix, we go beyond standard local SEO practices to deliver exceptional results:",85,13,,,,,,,,,,
,Data-Driven Insights,20,2,H3,,,,,,,,,
,We leverage advanced analytics and AI to uncover unique local market opportunities.,83,12,,,,,,,,,,
,Hyper-Local Expertise,21,2,H3,,,,,,,,,
,Our team includes specialists with deep knowledge of various local markets and industries.,90,13,,,,,,,,,,
,Customized Strategies,21,2,H3,,,,,,,,,
,We develop tailored approaches that align with your specific business goals and local market dynamics.,102,15,,,,,,,,,,
,Agile Optimization,18,2,H3,,,,,,,,,
,Our strategies evolve in real-time based on local search trends and your business performance.,94,14,,,,,,,,,,
,Transparent Reporting,21,2,H3,,,,,,,,,
,"Receive clear, actionable reports that demonstrate the tangible impact of our local SEO efforts on your business.",113,17,,,,,,,,,,
,Integrated Marketing Approach,29,3,H3,,,,,,,,,
,We seamlessly integrate local SEO with your overall digital marketing strategy for maximum impact.,98,14,,,,,,,,,,
,Proven Track Record,19,3,H3,,,,,,,,,
,"While we're a new agency, our team brings years of experience and a history of success in local SEO.",100,19,,,,,,,,,,
CTA,Aiming to capture more nearby customers?,40,6,,,,,,,,,,
Button,Schedule Your Local SEO Consultation,36,5,,,,,,,,,,
,#6 Our Local SEO Process,,,,,,,,,,,,
,Our Local SEO Process,21,4,H2,,,,,,,,,
,"At Qwantix, we follow a systematic, data-driven approach to local search optimization:",86,12,,,,,,,,,,
,Local Market Analysis,21,3,H3,,,,,,,,,
,"We analyze your local market, competitors, and target audience to inform our strategy.",86,13,,,,,,,,,,
,Outcome: Gain deep insights into your local competitive landscape and customer behavior.,88,12,,,,,,,,,,
,Local SEO Audit,15,3,H3,,,,,,,,,
,Our experts conduct a comprehensive review of your current local search performance.,84,12,,,,,,,,,,
,Result: Identify strengths and weaknesses in your current local online presence.,80,11,,,,,,,,,,
,Strategy Development,20,2,H3,,,,,,,,,
,We create a customized local SEO plan tailored to your specific business and location.,86,14,,,,,,,,,,
,Advantage: Get a roadmap for local search success aligned with your unique business goals.,90,14,,,,,,,,,,
,Implementation,14,1,H3,,,,,,,,,
,"We optimize your Google Business Profile, local citations, and website for local search.",88,13,,,,,,,,,,
,Impact: Improve your visibility in local search results and attract more nearby customers.,90,13,,,,,,,,,,
,Local Content Creation,22,3,H3,,,,,,,,,
,We develop location-specific content that resonates with your local audience and search engines.,96,13,,,,,,,,,,
,Value: Establish your business as a local authority and improve engagement with your community.,95,14,,,,,,,,,,
,Monitoring and Optimization,27,3,H3,,,,,,,,,
,"Using advanced analytics, we continuously track and refine your local SEO performance.",86,12,,,,,,,,,,
,Edge: Ensure your local SEO strategy stays effective and adapts to changing market conditions.,94,14,,,,,,,,,,
,Transparent Reporting,21,2,H3,,,,,,,,,
,"You'll receive clear, actionable reports showcasing your local search progress and ROI.",87,12,,,,,,,,,,
,Takeaway: Understand the impact of your local SEO efforts and make informed business decisions.,95,14,,,,,,,,,,
CTA,Ready to excel in your community?,33,6,,,,,,,,,,
Button,Get Your Free Local SEO Assessment,34,6,,,,,,,,,,
,#7 Local SEO FAQ,,,,,,,,,,,,
,Local SEO FAQ,13,3,H2,,,,,,,,,
,What is Local SEO?,18,4,H3,,,,,,,,,
,Local SEO optimizes your online presence to attract more business from relevant local searches. It focuses on promoting your products and services to local customers at the exact time they're looking for them.,209,33,,,,,,,,,,
,Why is Local SEO important for businesses with physical locations?,66,10,H3,,,,,,,,,
,"Local SEO is crucial for businesses with physical locations because it helps you connect with nearby customers who are actively searching for your products or services. It improves your visibility in local search results and Google Maps, which can significantly increase foot traffic to your store. Local SEO also helps build trust with your community, as customers often prefer to support local businesses. With the rise of ""near me"" searches, especially on mobile devices, a strong local SEO strategy can give you a competitive edge in your area.",548,88,,,,,,,,,,
,How long does it take to see results from Local SEO?,52,11,H3,,,,,,,,,
,"While some improvements can be seen within a few weeks, significant results typically take 3-6 months. Local SEO is an ongoing process that requires consistent effort and optimization.",184,28,,,,,,,,,,
,How does Local SEO differ from traditional SEO?,47,8,H3,,,,,,,,,
,"Local SEO focuses on optimizing for a specific geographic area, while traditional SEO targets a broader audience. Local SEO emphasizes factors like Google Business Profile, local citations, and location-specific keywords.",221,30,,,,,,,,,,
,Can you guarantee a #1 ranking in local search results?,55,10,H3,,,,,,,,,
,No reputable agency can guarantee specific rankings. We focus on improving your overall local search visibility and driving quality local traffic to your business.,163,24,,,,,,,,,,
,How do you measure the success of Local SEO campaigns?,54,10,H3,,,,,,,,,
,"We track metrics such as local search rankings, Google Business Profile views and interactions, local website traffic, and conversion rates from local searches.",160,23,,,,,,,,,,
CTA,Want to be the go-to choice in your area?,41,9,,,,,,,,,,
Button,Get Your Free Local SEO Assessment,34,6,,,,,,,,,,
,#8 Ready to Dominate Your Local Market?,,,,,,,,,,,,
,Ready to Dominate Your Local Market?,36,6,H2,,,,,,,,,
,Take the first step towards local search dominance with Qwantix. Choose the option that works best for you:,107,18,,,,,,,,,,
,Free Local SEO Assessment,25,4,H3,,,,,,,,,
,Get a comprehensive review of your current local search performance and discover areas for improvement.,103,15,,,,,,,,,,
CTA,Explore your local SEO potential,32,5,,,,,,,,,,
Button,Request Free Assessment,23,3,,,,,,,,,,
,Local Strategy Consultation,27,3,H3,,,,,,,,,
,Schedule a one-on-one call with our local SEO experts to discuss your goals and potential strategies.,101,16,,,,,,,,,,
CTA,Discuss your local dominance strategy,37,5,,,,,,,,,,
Button,Book Consultation,17,2,,,,,,,,,,
,Custom Local SEO Proposal,25,4,H3,,,,,,,,,
,"Tell us about your business, and we'll prepare a tailored local SEO strategy proposal.",86,14,,,,,,,,,,
CTA,Receive a strategy customized to your local market,50,8,,,,,,,,,,
Button,Get Custom Proposal,19,3,,,,,,,,,,
,"Not sure which option is right for you? Don't worry – we're here to help. Contact us, and we'll guide you through the process.",126,24,,,,,,,,,,
CTA,Let's boost your local visibility,33,5,,,,,,,,,,
Button,Contact Qwantix,15,2,,,,,,,,,,