,Title,Lenth,Words,Level,1 338,Título ,Longitud,Palabras,0,Titel ,Lenth,Words,0
,#1 Hero Section,,,,,#1 Sección Principal,,,,#1 Hauptabschnitt,,,
Title,Technical SEO: Elevate Site Performance,39,5,H1,,,0,0,,,0,0,
,"Unlock your site's full potential with Qwantix's expert technical SEO services. We fine-tune your website's architecture, speed, and crawlability to maximize search engine performance and user experience.
Our technical mastery ensures: Faster load times. Improved indexing. Enhanced user engagement.",299,38,,,,,,,,,,
Button,Discover Your Site's Technical Potential,40,5,,,,,,,,,,
,#2 Technical SEO: The Cornerstone of Digital Success,,,,,,,,,,,,
,Technical SEO: The Cornerstone of Digital Success,49,7,H2,,,,,,,,,
,A robust technical foundation is crucial for modern websites to achieve high rankings and deliver exceptional user experiences. Our technical SEO strategies help you:,166,24,,,,,,,,,,
,Enhance site speed and performance,34,5,H3,,,,,,,,,
,Improve crawlability and indexation,35,4,H3,,,,,,,,,
,Optimize site structure and architecture,40,5,H3,,,,,,,,,
,Implement structured data markup,32,4,H3,,,,,,,,,
,Resolve technical issues and penalties,38,5,H3,,,,,,,,,
,Boost mobile responsiveness and user experience,47,6,H3,,,,,,,,,
,"Qwantix leverages cutting-edge tools and expertise to optimize your website's technical aspects, ensuring peak performance in search results and superior user satisfaction.",172,22,,,,,,,,,,
CTA,Reveal Your Site's Hidden Strengths,35,5,,,,,,,,,,
Buttom,Get Your Free Technical SEO Audit,33,6,,,,,,,,,,
,#3 Technical SEO Impact,,,,,,,,,,,,
,Technical SEO Impact,20,3,H2,,,,,,,,,
,"At Qwantix, we deliver measurable results through technical SEO optimization:",77,10,,,,,,,,,,
,47% of consumers expect a web page to load in 2 seconds or less,63,14,,,,,,,,,,
,40% of users abandon a website that takes more than 3 seconds to load,69,14,,,,,,,,,,
,70% of consumers say page speed impacts their willingness to buy from an online retailer,88,15,,,,,,,,,,
,Core Web Vitals are a ranking factor for 100% of mobile search results,70,13,,,,,,,,,,
,HTTPS is a ranking signal for 100% of websites in Google search results,71,13,,,,,,,,,,
,Mobile-first indexing is used for 100% of websites in Google's index,68,11,,,,,,,,,,
,"Our Infrastructure SEO strategies help you capitalize on these trends, improving your site's performance, user experience, and search engine rankings.",150,20,,,,,,,,,,
CTA,Ready to boost your site's technical performance?,49,7,,,,,,,,,,
Buttom,Unlock Your Website's Hidden Power,34,5,,,,,,,,,,
,#4 Our Holistic Website Technical Health Optimization Approach,,,,,,,,,,,,
,Our Holistic Website Technical Health Optimization Approach,59,7,H2,,,,,,,,,
,"At Qwantix, we offer a comprehensive suite of technical SEO services designed to optimize your website's performance and search engine visibility:",146,21,,,,,,,,,,
,Site Speed Optimization,23,3,H3,,,,,,,,,
,Enhance your website's loading speed for improved user experience and search rankings.,86,12,,,,,,,,,,
,"Outcome: Faster page load times, reduced bounce rates, and higher search engine rankings.",89,13,,,,,,,,,,
,Website Architecture Optimization,33,3,H3,,,,,,,,,
,Improve your site's structure for better crawlability and user navigation.,74,10,,,,,,,,,,
,Impact: Enhanced search engine indexation and improved user engagement.,71,9,,,,,,,,,,
,Mobile Responsiveness,21,2,H3,,,,,,,,,
,Ensure your website performs flawlessly across all devices and screen sizes.,76,11,,,,,,,,,,
,Advantage: Better mobile search rankings and improved mobile user experience.,77,10,,,,,,,,,,
,Schema Markup Implementation,28,3,H3,,,,,,,,,
,Enhance your search listings with rich snippets to stand out in search results.,79,13,,,,,,,,,,
,Result: Increased click-through rates and more informative search results.,74,9,,,,,,,,,,
,XML Sitemap Optimization,24,3,H3,,,,,,,,,
,Facilitate efficient crawling and indexing of your website.,59,8,,,,,,,,,,
,Value: Improved search engine understanding of your site structure and content.,79,11,,,,,,,,,,
,Core Web Vitals Optimization,28,4,H3,,,,,,,,,
,Improve key user experience metrics for better search performance.,66,9,,,,,,,,,,
,Gain: Enhanced user experience signals and improved search rankings.,68,9,,,,,,,,,,
,JavaScript SEO,14,2,H3,,,,,,,,,
,Ensure proper rendering and indexing of JavaScript-based content.,65,8,,,,,,,,,,
,Edge: Better indexation of dynamic content and improved search visibility.,74,10,,,,,,,,,,
,"Qwantix leverages cutting-edge tools and expertise to fine-tune these technical aspects, ensuring your website's optimal performance in search results and superior user satisfaction.",182,23,,,,,,,,,,
CTA,Boost Your Site's Technical Performance,39,5,,,,,,,,,,
Buttom,Request Your Site Optimization Analysis,39,5,,,,,,,,,,
,#5 Why Choose Qwantix for Backend SEO?,,,,,,,,,,,,
,Why Choose Qwantix for Backend SEO?,35,6,H2,,,,,,,,,
,"At Qwantix, we go beyond standard technical SEO practices to deliver exceptional results:",89,13,,,,,,,,,,
,Advanced Technical Expertise,28,3,H3,,,,,,,,,
,Our team includes certified technical SEO specialists with deep knowledge of search engine algorithms and web technologies.,123,17,,,,,,,,,,
,Cutting-Edge Tools and Technologies,35,4,H3,,,,,,,,,
,We leverage state-of-the-art SEO tools and proprietary technologies to analyze and optimize your website's technical performance.,129,16,,,,,,,,,,
,Data-Driven Approach,20,2,H3,,,,,,,,,
,"Our strategies are based on comprehensive data analysis, ensuring that every optimization is backed by solid evidence.",118,17,,,,,,,,,,
,Customized Technical Solutions,30,3,H3,,,,,,,,,
,We develop tailored technical SEO strategies that align with your specific website architecture and business goals.,115,16,,,,,,,,,,
,Continuous Learning and Adaptation,34,4,H3,,,,,,,,,
,"We stay at the forefront of technical SEO trends, constantly updating our methodologies to match search engine updates.",119,18,,,,,,,,,,
,Transparent Reporting,21,2,H3,,,,,,,,,
,"Receive clear, actionable reports that demonstrate the tangible impact of our technical SEO efforts on your website's performance.",130,18,,,,,,,,,,
,Integrated SEO Approach,23,3,H3,,,,,,,,,
,We seamlessly integrate technical SEO with on-page and off-page optimization for a holistic SEO strategy.,105,15,,,,,,,,,,
,Proven Track Record,19,3,H3,,,,,,,,,
,"While we're a new agency, our team brings years of experience and a history of success in technical SEO across various industries.",130,22,,,,,,,,,,
CTA,Elevate Your Website's Backend,30,4,,,,,,,,,,
Buttom,Schedule Your Backend SEO Consultation,38,5,,,,,,,,,,
,#6 Our Site Architecture SEO Process,,,,,,,,,,,,
,Our Site Architecture SEO Process,33,5,H2,,,,,,,,,
,"At Qwantix, we follow a systematic, data-driven approach to technical SEO optimization:",87,12,,,,,,,,,,
,Technical Site Audit,20,3,H3,,,,,,,,,
,We conduct a comprehensive analysis of your website's technical health and performance.,87,12,,,,,,,,,,
,Insight: Identify critical technical issues affecting your site's search visibility and user experience.,104,13,,,,,,,,,,
,Performance Benchmarking,24,2,H3,,,,,,,,,
,"We establish baseline metrics for your site's speed, crawlability, and other technical factors.",95,13,,,,,,,,,,
,Baseline: Set clear performance targets and track improvements over time.,73,10,,,,,,,,,,
,Strategy Development,20,2,H3,,,,,,,,,
,We create a customized technical SEO plan tailored to your website's specific needs and goals.,94,15,,,,,,,,,,
,Blueprint: Get a detailed roadmap for enhancing your site's technical foundation.,81,11,,,,,,,,,,
,Implementation,14,1,H3,,,,,,,,,
,"Our team executes the technical optimizations, from speed enhancements to structured data markup.",97,13,,,,,,,,,,
,Transformation: See tangible improvements in your site's technical performance and search visibility.,101,12,,,,,,,,,,
,Continuous Monitoring,21,2,H3,,,,,,,,,
,We use advanced tools to track your site's technical health and search engine performance.,90,14,,,,,,,,,,
,Vigilance: Quickly identify and address new technical issues as they arise.,75,11,,,,,,,,,,
,Iterative Optimization,22,2,H3,,,,,,,,,
,"Based on performance data, we continuously refine and improve your technical SEO strategy.",90,13,,,,,,,,,,
,Evolution: Ensure your site stays ahead of technical SEO best practices and algorithm updates.,94,14,,,,,,,,,,
,Transparent Reporting,21,2,H3,,,,,,,,,
,"You'll receive clear, actionable reports showcasing your technical SEO progress and impact.",91,12,,,,,,,,,,
,Clarity: Understand the tangible benefits of technical optimizations on your site's performance.,96,12,,,,,,,,,,
CTA,Enhance Your Site's Architecture,32,4,,,,,,,,,,
Buttom,Get Your Custom SEO Process Plan,32,6,,,,,,,,,,
,#7 Technical SEO FAQ,,,,,,,,,,,,
,Technical SEO FAQ,17,3,H2,,,,,,,,,
,What is Technical SEO?,22,4,H3,,,,,,,,,
,"Technical SEO focuses on optimizing the infrastructure of your website to improve its visibility in search engines. It involves enhancing site speed, mobile-friendliness, crawlability, and indexability to provide a better user experience and improve search rankings.",266,36,,,,,,,,,,
,Why is Technical SEO important?,31,5,H3,,,,,,,,,
,"Technical SEO is crucial because it forms the foundation of your entire SEO strategy. It ensures that search engines can effectively crawl, understand, and index your website. Without a solid technical foundation, even the best content may struggle to rank well in search results.",280,44,,,,,,,,,,
,How long does it take to see results from Technical SEO?,56,11,H3,,,,,,,,,
,"While some improvements can be seen immediately (like increased crawl rate or improved page speed), significant results in search rankings typically take 3-6 months. Technical SEO is an ongoing process that requires continuous monitoring and optimization.",255,36,,,,,,,,,,
,Can Technical SEO fix all my website's ranking issues?,54,9,H3,,,,,,,,,
,"While Technical SEO is crucial, it's just one part of a comprehensive SEO strategy. Content quality, user experience, and off-page factors also play significant roles in your overall search performance.",202,30,,,,,,,,,,
,How often should Technical SEO audits be performed?,51,8,H3,,,,,,,,,
,"We recommend conducting a comprehensive Technical SEO audit every 3-6 months. However, ongoing monitoring should be in place to catch and address issues as they arise.",167,26,,,,,,,,,,
,How does Technical SEO impact user experience?,46,7,H3,,,,,,,,,
,"Technical SEO directly impacts user experience by improving site speed, mobile responsiveness, and overall site functionality. This leads to lower bounce rates, increased time on site, and higher conversion rates.",213,30,,,,,,,,,,
,How does technical SEO integrate with other aspects of digital marketing?,73,11,H3,,,,,,,,,
,"Technical SEO forms the foundation for all other digital marketing efforts. It ensures that your content is easily discoverable and accessible, enhancing the effectiveness of your content marketing, PPC, and social media campaigns.",231,33,,,,,,,,,,
CTA,Solve Your Technical SEO Challenges,35,5,,,,,,,,,,
Buttom,Ask Our Technical SEO Experts,29,5,,,,,,,,,,
,#8 Ready to Optimize Your Website's Technical Foundation?,,,,,,,,,,,,
,Ready to Optimize Your Website's Technical Foundation?,54,7,H2,,,,,,,,,
,Take the first step towards technical SEO excellence with Qwantix. Choose the option that works best for you:,109,18,,,,,,,,,,
,Free Technical SEO Assessment,29,4,H3,,,,,,,,,
,Get a comprehensive review of your current website's technical performance and discover areas for improvement.,110,15,,,,,,,,,,
CTA,Uncover your site's technical potential,39,5,,,,,,,,,,
Buttom,Request Free Assessment,23,3,,,,,,,,,,
,Technical SEO Consultation,26,3,H3,,,,,,,,,
,Schedule a one-on-one call with our technical SEO experts to discuss your goals and potential strategies.,105,16,,,,,,,,,,
CTA,Explore your technical optimization options,43,5,,,,,,,,,,
Buttom,Book Consultation,17,2,,,,,,,,,,
,Custom Technical SEO Proposal,29,4,H3,,,,,,,,,
,"Tell us about your website, and we'll prepare a tailored technical SEO strategy proposal.",89,14,,,,,,,,,,
CTA,Receive a strategy customized to your site's needs,50,8,,,,,,,,,,
Buttom,Get Custom Proposal,19,3,,,,,,,,,,
,"Not sure which option is right for you? Don't worry – we're here to help. Contact us, and we'll guide you through the process.",126,24,,,,,,,,,,
CTA,Let's boost your website's technical performance,48,6,,,,,,,,,,
Buttom,Contact Qwantix,15,2,,,,,,,,,,