,Title,Lenth,Words,Level,1 449,Título ,Longitud,Palabras,0,Titel ,Lenth,Words,0
,#1 Hero Section,,,,,#1 Sección Principal,,,,#1 Hauptabschnitt,,,
,E-commerce SEO: Boost Sales & Traffic,37,6,H1,,,,,,,,,
,"Transform your e-commerce site into a sales powerhouse with Qwantix's specialized E-commerce SEO strategies. We optimize your product pages, enhance site structure, and improve user experience to drive qualified traffic and boost conversions.
Our E-commerce expertise delivers: Increased product visibility. Higher organic traffic. Improved sales metrics.",355,45,,,,,,,,,,
Button,Elevate Your E-commerce Game,28,4,,,,,,,,,,
,#2 Unleash Your Online Store's Sales Potential with E-commerce SEO,,,,,,,,,,,,
,Unleash Your Online Store's Sales Potential with E-commerce SEO,63,9,H2,,,,,,,,,
,"In the competitive world of e-commerce, search visibility is crucial for driving sales. Our E-commerce SEO strategies help you:",127,19,,,,,,,,,,
1,Dominate product-specific searches,34,3,H3,,,,,,,,,
2,Enhance category page rankings,30,4,H3,,,,,,,,,
3,Optimize product descriptions for conversions,45,5,H3,,,,,,,,,
4,Improve site structure for better user navigation,49,7,H3,,,,,,,,,
5,Leverage schema markup for rich product snippets,48,7,H3,,,,,,,,,
6,Boost mobile shopping experience,32,4,H3,,,,,,,,,
,"Qwantix combines data-driven insights with e-commerce expertise to elevate your online shop's search performance, driving more qualified traffic and increasing sales.",166,21,,,,,,,,,,
CTA,Maximize Your E-commerce Potential,34,4,,,,,,,,,,
Buttom,Get Your Free E-commerce SEO Analysis,37,6,,,,,,,,,,
,#3 Unlocking Your Online Shop's Sales Potential,,,,,,,,,,,,
,Unlocking Your Online Shop's Sales Potential,44,6,H2,,,,,,,,,
,"At Qwantix, we deliver tangible results through E-commerce SEO optimization:",76,10,,,,,,,,,,
1,35% of Amazon's revenue comes from product searches,51,8,,,,,,,,,,
2,44% of online shoppers begin their purchase journey with a search engine,72,12,,,,,,,,,,
3,39% of global e-commerce traffic comes from search,50,8,,,,,,,,,,
4,E-commerce websites with an optimized architecture have a 35% lower bounce rate,79,12,,,,,,,,,,
5,Websites with optimized product descriptions see a 78% increase in conversions,78,11,,,,,,,,,,
6,Mobile-friendly e-commerce sites have a 23% higher conversion rate than non-optimized sites,91,12,,,,,,,,,,
,"Our data-driven E-commerce SEO strategies help you capitalize on these trends, improving your online shop's visibility, user experience, and sales performance.",159,21,,,,,,,,,,
CTA,Ready to boost your online shop's search performance?,53,8,,,,,,,,,,
Buttom,Unlock Your Online Shop SEO Potential,37,6,,,,,,,,,,
,#4 Optimizing Your Webstore for Search Success,,,,,,,,,,,,
,Optimizing Your Webstore for Search Success,43,6,H2,,,,,,,,,
,"At Qwantix, we offer a comprehensive suite of E-commerce SEO services designed to elevate your webstore's search performance and drive conversions:",147,21,,,,,,,,,,
1,Product Page Optimization,25,3,H3,,,,,,,,,
,"Enhance your product pages with compelling descriptions, optimized titles, and relevant keywords.",97,12,,,,,,,,,,
,"Outcome: Higher product visibility, increased click-through rates, and improved conversions.",92,10,,,,,,,,,,
2,Category Page Optimization,26,3,H3,,,,,,,,,
,"Optimize your category pages for better navigation, user experience, and search engine crawlability.",100,13,,,,,,,,,,
,"Impact: Enhanced product discoverability, reduced bounce rates, and higher search rankings.",91,11,,,,,,,,,,
3,E-commerce Site Architecture,28,3,H3,,,,,,,,,
,Improve your online store's structure for seamless user navigation and efficient search engine indexing.,104,14,,,,,,,,,,
,"Advantage: Better user engagement, increased crawl efficiency, and improved search visibility.",94,11,,,,,,,,,,
4,Rich Snippet Implementation,27,3,H3,,,,,,,,,
,"Enhance your product listings with rich snippets, including ratings, reviews, and pricing information.",102,13,,,,,,,,,,
,"Result: Increased click-through rates, higher user trust, and improved search visibility.",89,11,,,,,,,,,,
5,Mobile Commerce Optimization,28,3,H3,,,,,,,,,
,"Ensure your online store is fully optimized for mobile devices, delivering a seamless shopping experience.",106,15,,,,,,,,,,
,"Value: Increased mobile traffic, higher conversion rates, and improved user satisfaction.",89,11,,,,,,,,,,
6,E-commerce Site Speed Optimization,34,4,H3,,,,,,,,,
,Optimize your online store's loading speed for faster page loads and improved user experience.,94,14,,,,,,,,,,
,"Gain: Reduced bounce rates, increased user engagement, and higher search rankings.",82,11,,,,,,,,,,
7,Content Marketing for E-commerce,32,4,H3,,,,,,,,,
,"Develop engaging, informative content that attracts potential customers and establishes your brand authority.",109,13,,,,,,,,,,
,"Edge: Increased organic traffic, higher user engagement, and improved brand loyalty.",84,11,,,,,,,,,,
,"Qwantix leverages data-driven insights and e-commerce expertise to fine-tune these critical aspects, ensuring your online store's optimal performance in search results and superior user experience.",197,25,,,,,,,,,,
CTA,Ready to supercharge your webstore's search performance?,56,7,,,,,,,,,,
Buttom,Get Your Free Webstore SEO Audit,32,6,,,,,,,,,,
,#5 Why Choose Qwantix for Internet Store SEO?,,,,,,,,,,,,
,Why Choose Qwantix for Internet Store SEO?,42,7,H2,,,,,,,,,
,"At Qwantix, we go beyond traditional SEO to deliver exceptional results for e-commerce businesses:",98,14,,,,,,,,,,
1,E-commerce SEO Specialists,26,3,H3,,,,,,,,,
,Our team includes experienced e-commerce SEO experts who understand the unique challenges and opportunities of online retail.,125,17,,,,,,,,,,
2,Proven E-commerce SEO Strategies,32,4,H3,,,,,,,,,
,"We leverage proven strategies tailored to the specific needs of e-commerce websites, focusing on driving product visibility and sales.",134,19,,,,,,,,,,
3,In-depth E-commerce Data Analysis,33,4,H3,,,,,,,,,
,Our data-driven approach combines e-commerce metrics with SEO insights to identify high-impact optimization opportunities.,122,14,,,,,,,,,,
4,Comprehensive E-shop Optimization,33,3,H3,,,,,,,,,
,"We optimize all critical aspects of your online store, from product pages to site architecture, to enhance search performance.",126,19,,,,,,,,,,
5,Seamless Integration with E-commerce Platforms,46,5,H3,,,,,,,,,
,"Our team has expertise in optimizing websites built on popular e-commerce platforms like Shopify, Prestashop, Magento, and WooCommerce.",135,18,,,,,,,,,,
6,Conversion-Focused Approach,27,2,H3,,,,,,,,,
,Our e-commerce SEO strategies are designed to not only drive traffic but also improve conversion rates and revenue.,115,18,,,,,,,,,,
7,Continuous Optimization and Reporting,37,4,H3,,,,,,,,,
,"We continuously monitor your online store's performance, making data-driven optimizations and providing transparent reports.",124,14,,,,,,,,,,
8,Proven Track Record in Digital Store SEO,40,7,H3,,,,,,,,,
,Our team has a history of delivering measurable results for e-commerce businesses across various industries.,108,15,,,,,,,,,,
CTA,Ready to outrank your e-commerce competitors?,45,6,,,,,,,,,,
Buttom,Discover Your Competitive Edge in E-commerce SEO,48,7,,,,,,,,,,
,#6 Our E-commerce SEO Process,,,,,,,,,,,,
,Our E-commerce SEO Process,26,4,H2,,,,,,,,,
,"At Qwantix, we follow a systematic, data-driven approach to E-commerce SEO optimization:",88,12,,,,,,,,,,
1,E-commerce Site Audit,21,3,H3,,,,,,,,,
,We conduct a comprehensive analysis of your online store's SEO health and performance.,86,13,,,,,,,,,,
,"Insight: Identify critical issues affecting your store's search visibility, user experience, and conversion rates.",114,14,,,,,,,,,,
2,Keyword Research and Mapping,28,4,H3,,,,,,,,,
,"We research and map high-converting, product-focused keywords to optimize your store's content.",95,12,,,,,,,,,,
,Precision: Target the right keywords to attract qualified traffic and boost product visibility.,95,13,,,,,,,,,,
3,On-Page Optimization,20,2,H3,,,,,,,,,
,"Our team optimizes your product pages, category pages, and content for search engines and users.",96,15,,,,,,,,,,
,"Enhancement: Improve your store's relevance, user engagement, and search rankings.",82,10,,,,,,,,,,
4,Technical SEO Optimization,26,3,H3,,,,,,,,,
,"We fine-tune your e-commerce site's technical aspects, including site speed, architecture, and mobile-friendliness.",115,13,,,,,,,,,,
,Performance: Ensure your store's technical foundation is solid and search engine-friendly.,90,11,,,,,,,,,,
5,Content Marketing Strategy,26,3,H3,,,,,,,,,
,"We develop a content strategy that attracts, engages, and converts your target audience.",88,13,,,,,,,,,,
,"Engagement: Boost your store's traffic, authority, and customer loyalty through valuable content.",97,12,,,,,,,,,,
6,Link Building and Outreach,26,4,H3,,,,,,,,,
,"Our team builds high-quality, relevant backlinks to improve your store's search visibility and authority.",105,14,,,,,,,,,,
,Authority: Enhance your store's domain authority and search engine trust through strategic link building.,105,14,,,,,,,,,,
7,Conversion Rate Optimization,28,3,H3,,,,,,,,,
,We continuously analyze and optimize your store's conversion funnel for better sales performance.,97,13,,,,,,,,,,
,Growth: Convert more of your hard-earned traffic into loyal customers and brand advocates.,90,13,,,,,,,,,,
CTA,Ready to skyrocket your online store's search performance?,58,8,,,,,,,,,,
Buttom,Get Your Free E-commerce SEO Audit,34,6,,,,,,,,,,
,#7 E-commerce SEO FAQ,,,,,,,,,,,,
,E-commerce SEO FAQ,18,3,H2,,,,,,,,,
1,What is E-commerce SEO?,23,4,H3,,,,,,,,,
,"E-commerce SEO is the practice of optimizing your online store to increase its visibility in search engine results pages (SERPs), drive more organic traffic, and boost sales. It involves optimizing your product pages, category pages, site structure, and content to make it easier for search engines to understand and rank your store.",333,52,,,,,,,,,,
2,How is E-commerce SEO different from regular SEO?,49,8,H3,,,,,,,,,
,"While E-commerce SEO shares many principles with regular SEO, it has a stronger focus on optimizing for commercial intent keywords, product-specific content, and user experience factors that impact conversions. E-commerce SEO also involves optimizing site elements unique to online stores, such as product schemas, reviews, and site architecture.",346,48,,,,,,,,,,
3,Why is SEO important for E-commerce websites?,45,7,H3,,,,,,,,,
,"SEO is crucial for E-commerce websites because it helps drive organic traffic, increase brand visibility, and generate more sales. With effective E-commerce SEO, your products can appear at the top of search results when potential customers are actively searching for what you offer.",283,43,,,,,,,,,,
4,How long does it take to see results from E-commerce SEO?,57,11,H3,,,,,,,,,
,"The timeline for seeing results from E-commerce SEO varies depending on factors like your site's current status, competition, and the extent of optimizations needed. However, most e-commerce sites can expect to see measurable improvements in organic traffic and search rankings within 4-6 months of implementing a comprehensive SEO strategy.",341,49,,,,,,,,,,
5,What are the most important ranking factors for E-commerce SEO?,63,10,H3,,,,,,,,,
,Some of the most important ranking factors for E-commerce SEO include:,70,11,,,,,,,,,,
,Keyword relevance and placement,31,4,,,,,,,,,,
,Product page content quality and uniqueness,43,6,,,,,,,,,,
,Site architecture and navigation,32,4,,,,,,,,,,
,Page speed and mobile-friendliness,34,4,,,,,,,,,,
,Backlink quality and quantity,29,4,,,,,,,,,,
,"User engagement metrics (e.g., click-through rate, bounce rate, time on site)",77,11,,,,,,,,,,
6,How can I optimize my product pages for SEO?,44,9,H3,,,,,,,,,
,To optimize your product pages for SEO:,39,7,,,,,,,,,,
,"Conduct keyword research to identify relevant, high-traffic keywords",68,8,,,,,,,,,,
,"Write unique, compelling product descriptions that incorporate target keywords",78,9,,,,,,,,,,
,"Optimize product titles, meta descriptions, and URLs",52,7,,,,,,,,,,
,Use high-quality product images with descriptive alt tags,57,8,,,,,,,,,,
,Implement product schema markup to enhance SERP listings,56,8,,,,,,,,,,
,Encourage customer reviews and ratings,38,5,,,,,,,,,,
CTA,Ready to drive more organic traffic to your online store?,57,10,,,,,,,,,,
Buttom,Get Your Free E-commerce SEO Audit,34,6,,,,,,,,,,
,#8 Ready to Elevate Your Online Shop Performance?,,,,,,,,,,,,
,Ready to Elevate Your Online Shop Performance?,46,7,H2,,,,,,,,,
,Take the first step towards E-commerce SEO excellence with Qwantix. Choose the option that works best for you:,110,18,,,,,,,,,,
1,Free E-commerce SEO Assessment,30,4,H3,,,,,,,,,
,Get a comprehensive review of your current online store's SEO performance and discover areas for improvement.,109,16,,,,,,,,,,
CTA,Uncover your store's growth opportunities,41,5,,,,,,,,,,
Buttom,Request Free Assessment,23,3,,,,,,,,,,
2,Online Shop SEO Consultation,28,4,H3,,,,,,,,,
,Schedule a one-on-one call with our Online Shop SEO experts to discuss your goals and potential strategies.,107,17,,,,,,,,,,
CTA,Discover your path to Online Shop success,41,7,,,,,,,,,,
Buttom,Book Consultation,17,2,,,,,,,,,,
3,Custom Webshop SEO Proposal,27,4,H3,,,,,,,,,
,"Tell us about your online store, and we'll prepare a tailored Webshop SEO strategy proposal.",92,15,,,,,,,,,,
CTA,Receive a strategy customized to your store's needs,51,8,,,,,,,,,,
Buttom,Get Custom Proposal,19,3,,,,,,,,,,
,"Not sure which option is right for you? Don't worry – we're here to help. Contact us, and we'll guide you through the process.",126,24,,,,,,,,,,
CTA,Let's drive your online store's success,39,6,,,,,,,,,,
Buttom,Contact Qwantix,15,2,,,,,,,,,,