,Title,Lenth,Words,Level,1 733,Título ,Longitud,Palabras,0,Titel ,Lenth,Words,0
,#1 Hero Section,,,,,#1 Sección Principal,,,,#1 Hauptabschnitt,,,
,Display & Social Media Ads: Expand Your Reach and Engagement,60,10,H1,,,,,,,,,
,"Amplify your brand presence and connect with your target audience across multiple platforms with Qwantix's expert display and social media advertising strategies. Our specialists create visually compelling campaigns that drive awareness, engagement, and conversions.
Qwantix display and social ads expertise delivers: Targeted audience reach. Increased brand visibility. Higher engagement rates. Improved retargeting capabilities.",430,52,,,,,,,,,,
Button,Boost Your Brand's Online Presence,34,5,,,,,,,,,,
,#2 Harness the Potential of Display and Social Media Ads,,,,,,,,,,,,
,Harness the Potential of Display and Social Media Ads,53,9,H2,,,,,,,,,
,Display and social media advertising allows you to engage your audience with visually compelling content across multiple platforms. Our strategies empower you to:,162,23,,,,,,,,,,
1,Create brand awareness at scale,31,5,H3,,,,,,,,,
2,"Reach users based on interests, behaviors, and demographics",59,8,H3,,,,,,,,,
3,Retarget website visitors and past customers,44,6,H3,,,,,,,,,
4,"Showcase your products with rich, interactive ad formats",56,8,H3,,,,,,,,,
5,Leverage platform-specific features for maximum engagement,58,6,H3,,,,,,,,,
6,Build and nurture communities around your brand,47,7,H3,,,,,,,,,
7,Drive app installs and user acquisition,39,6,H3,,,,,,,,,
8,Capitalize on trending topics and real-time marketing opportunities,67,8,H3,,,,,,,,,
,"Qwantix combines creative expertise, audience insights, and platform-specific knowledge to craft display and social media campaigns that capture attention, drive engagement, and deliver measurable results.",205,25,,,,,,,,,,
CTA,Unlock the Power of Visual Advertising,38,6,,,,,,,,,,
Buttom,Get Your Free Display & Social Ads Assessment,45,8,,,,,,,,,,
,# 3 Driving Brand Awareness and Engagement Through Visual Campaigns,,,,,,,,,,,,
,Driving Brand Awareness and Engagement Through Visual Campaigns,63,8,H2,,,,,,,,,
,"At Qwantix, we leverage the power of display and social media advertising to deliver tangible results:",102,16,,,,,,,,,,
1,Display ads generate 180 million visual impressions each month,62,9,,,,,,,,,,
2,Social media ads have an average click-through rate of 1.3%,59,10,,,,,,,,,,
3,49% of users say they're likely to purchase after seeing a display ad,69,13,,,,,,,,,,
4,"Facebook ads reach 2.14 billion people, or 36.7% of the global population",73,12,,,,,,,,,,
5,Instagram ads can reach up to 1.16 billion users,48,9,,,,,,,,,,
6,"LinkedIn ads reach 13% of the world's population, with high engagement rates for B2B",84,14,,,,,,,,,,
7,Video ads on platforms like YouTube and TikTok have a 1.84% click-through rate,78,13,,,,,,,,,,
8,Instagram Stories ads have a 86% completion rate for videos under 10 seconds.,77,13,,,,,,,,,,
9,LinkedIn ads have 2x higher click-through rates compared to standard display ads.,81,12,,,,,,,,,,
,"Our data-driven approach to display and social media advertising helps you capitalize on these trends, boosting brand awareness, driving engagement, and increasing conversions across multiple platforms.",202,26,,,,,,,,,,
CTA,Ready to amplify your brand's online presence?,46,7,,,,,,,,,,
Buttom,Get Your Free Display & Social Ads Impact Assessment,52,9,,,,,,,,,,
,#4 Our Comprehensive Display and Social Ads Management Approach,,,,,,,,,,,,
,Our Comprehensive Display and Social Ads Management Approach,60,8,H2,,,,,,,,,
,"At Qwantix, we offer a full suite of display and social media advertising services designed to maximize your brand visibility and engagement:",141,22,,,,,,,,,,
1,Platform-Specific Creative Optimization,39,3,H3,,,,,,,,,
,Tailor ad designs to each platform's unique specifications and user behaviors.,78,11,,,,,,,,,,
,"Impact: Increased ad engagement, higher brand recall, and improved click-through rates.",87,11,,,,,,,,,,
2,Audience Segmentation and Targeting,35,4,H3,,,,,,,,,
,Leverage advanced targeting options to reach your ideal audience across platforms.,82,11,,,,,,,,,,
,"Edge: Precise audience targeting, reduced ad waste, and improved conversion rates.",82,11,,,,,,,,,,
3,Platform-Specific Strategy Development,38,3,H3,,,,,,,,,
,"Tailor strategies for each unique platform, from Facebook to LinkedIn to programmatic display networks.",103,14,,,,,,,,,,
,Advantage: Optimized performance on each platform and maximized overall campaign effectiveness.,95,11,,,,,,,,,,
4,Retargeting and Remarketing Campaigns,37,4,H3,,,,,,,,,
,Re-engage past website visitors and customers with personalized ad experiences.,79,10,,,,,,,,,,
,"Benefit: Increased conversions, improved brand loyalty, and higher customer lifetime value.",91,11,,,,,,,,,,
5,Social Media Community Management,33,4,H3,,,,,,,,,
,Build and nurture your brand's social media presence alongside paid campaigns.,78,11,,,,,,,,,,
,"Value: Enhanced brand reputation, increased organic reach, and improved customer relationships.",95,11,,,,,,,,,,
6,Cross-Platform Attribution Modeling,35,3,H3,,,,,,,,,
,Implement advanced attribution models to understand the impact of each touchpoint.,82,11,,,,,,,,,,
,Insight: Clearer understanding of the customer journey and optimized budget allocation across channels.,103,13,,,,,,,,,,
7,Creative A/B Testing,20,3,H3,,,,,,,,,
,"Continuously test ad creatives, copy, and formats to identify top-performing combinations.",90,11,,,,,,,,,,
,Result: Ongoing performance improvements and higher return on ad spend.,71,10,,,,,,,,,,
8,Video Ad Strategy,17,3,H3,,,,,,,,,
,Develop engaging video content optimized for various social media platforms and display networks.,97,13,,,,,,,,,,
,"Impact: Increased user engagement, higher brand recall, and improved conversion rates across visual platforms.",110,14,,,,,,,,,,
,"Qwantix leverages cutting-edge design tools, data-driven insights, and platform-specific expertise to fine-tune these critical aspects, ensuring your display and social media campaigns deliver outstanding results and maximum brand impact.",238,29,,,,,,,,,,
CTA,Ready to amplify your brand presence?,37,6,,,,,,,,,,
Buttom,Get Your Free Display & Social Ads Audit,40,8,,,,,,,,,,
,#5 Why Choose Qwantix for Display and Social Ads Management?,,,,,,,,,,,,
,Why Choose Qwantix for Display and Social Ads Management?,57,9,H2,,,,,,,,,
,"At Qwantix, we specialize in display and social media advertising to deliver exceptional results:",97,14,,,,,,,,,,
1,Platform-Specific Expertise,27,2,H3,,,,,,,,,
,Our team is certified and experienced in managing ads across major display networks and social media platforms.,111,17,,,,,,,,,,
2,Creative Design Excellence,26,3,H3,,,,,,,,,
,We have in-house designers who create visually stunning ads that capture attention and drive engagement.,104,15,,,,,,,,,,
3,Advanced Audience Targeting,27,3,H3,,,,,,,,,
,We leverage cutting-edge targeting options to reach your ideal audience across multiple platforms.,98,13,,,,,,,,,,
4,Cross-Platform Attribution,26,2,H3,,,,,,,,,
,Our advanced attribution models help you understand the true impact of your display and social campaigns.,105,16,,,,,,,,,,
5,Dynamic Ad Creation,19,3,H3,,,,,,,,,
,We utilize dynamic ad technologies to personalize ad content based on user behavior and preferences.,100,15,,,,,,,,,,
6,Social Media Community Management,33,4,H3,,,,,,,,,
,We offer integrated community management to amplify the impact of your paid social campaigns.,93,14,,,,,,,,,,
7,Programmatic Advertising Mastery,32,3,H3,,,,,,,,,
,Our experts leverage programmatic buying to optimize your display ad placements and budgets in real-time.,105,15,,,,,,,,,,
8,Video Advertising Specialists,29,3,H3,,,,,,,,,
,"We create and optimize video ad campaigns across platforms like YouTube, TikTok, and Facebook.",94,14,,,,,,,,,,
9,Continuous Creative Testing,27,3,H3,,,,,,,,,
,We consistently test and refine ad creatives to ensure optimal performance and engagement.,90,13,,,,,,,,,,
10,Influencer Collaboration:,25,2,H3,,,,,,,,,
,We integrate influencer partnerships into your social media advertising strategy for authentic brand promotion.,111,14,,,,,,,,,,
11,Programmatic Advertising Mastery,32,3,H3,,,,,,,,,
,Utilize real-time bidding and AI-driven placement optimization for display ads across the web.,94,13,,,,,,,,,,
CTA,Amplify your brand's online presence with Qwantix experts,57,8,,,,,,,,,,
Buttom,Get Your Free Display & Social Ads Consultation,47,8,,,,,,,,,,
,#6 Our Display and Social Ads Management Process,,,,,,,,,,,,
,Our Display and Social Ads Management Process,45,7,H2,,,,,,,,,
,"At Qwantix, we follow a systematic approach to display and social media advertising, tailored to maximize visual impact and engagement:",135,20,,,,,,,,,,
1,Audience Analysis and Segmentation,34,4,H3,,,,,,,,,
,We analyze your target audience and create detailed segments for precise targeting.,83,12,,,,,,,,,,
,Insight: Gain a deep understanding of your audience's preferences and behaviors across platforms.,97,13,,,,,,,,,,
2,Platform Selection and Strategy,31,4,H3,,,,,,,,,
,We choose the most effective platforms for your goals and develop platform-specific strategies.,95,13,,,,,,,,,,
,Precision: Optimize your presence on each platform for maximum reach and engagement.,84,12,,,,,,,,,,
3,Creative Design and Development,31,4,H3,,,,,,,,,
,Our team creates visually stunning ad creatives tailored to each platform's specifications.,91,12,,,,,,,,,,
,Impact: Capture attention and drive engagement with eye-catching visuals and compelling messaging.,98,12,,,,,,,,,,
4,Advanced Targeting Implementation,33,3,H3,,,,,,,,,
,"We implement sophisticated targeting options, including behavioral, demographic, and interest-based targeting.",110,11,,,,,,,,,,
,"Advantage: Reach the right audience at the right time, minimizing ad waste and maximizing ROI.",94,15,,,,,,,,,,
5,Cross-Platform Campaign Launch,30,3,H3,,,,,,,,,
,We launch and coordinate your campaigns across multiple display and social media platforms.,91,13,,,,,,,,,,
,Synergy: Create a cohesive brand presence across various digital touchpoints.,77,10,,,,,,,,,,
6,Performance Monitoring and Optimization,39,4,H3,,,,,,,,,
,We continuously monitor campaign performance and make data-driven adjustments.,78,9,,,,,,,,,,
,Growth: Benefit from ongoing optimizations that improve campaign effectiveness over time.,89,11,,,,,,,,,,
7,Retargeting and Audience Expansion,34,4,H3,,,,,,,,,
,We implement retargeting strategies and look-alike audience targeting to expand your reach.,91,12,,,,,,,,,,
,Scale: Re-engage interested users and find new potential customers similar to your best performers.,99,14,,,,,,,,,,
CTA,Ready to amplify your brand's visual presence online?,53,8,,,,,,,,,,
Buttom,Get Your Custom Display & Social Ads Strategy,45,8,,,,,,,,,,
,#7 Display and Social Media Advertising FAQ,,,,,,,,,,,,
,Display and Social Media Advertising FAQ,40,6,H2,,,,,,,,,
1,What's the difference between display ads and social media ads?,63,10,H3,,,,,,,,,
,"Display ads appear on websites within ad networks, while social media ads appear on social platforms. Display ads are great for brand awareness and reaching a broad audience, while social media ads offer more precise targeting based on user interests and behaviors.",265,42,,,,,,,,,,
2,How do you measure the success of display and social media campaigns?,69,12,H3,,,,,,,,,
,"Key metrics include impressions, reach, engagement rate, click-through rate (CTR), conversion rate, and return on ad spend (ROAS). We also track brand lift and audience growth for social media campaigns.",203,30,,,,,,,,,,
3,What types of visuals work best for display and social media ads?,65,12,H3,,,,,,,,,
,"Eye-catching images, short videos, and interactive formats tend to perform well. The specific format depends on the platform and campaign goals. We recommend A/B testing different visuals to find what resonates best with your audience.",235,35,,,,,,,,,,
4,How do you ensure brand safety in display advertising?,54,9,H3,,,,,,,,,
,"We use advanced targeting options, exclusion lists, and reputable ad networks to ensure your ads appear in brand-safe environments. We also continuously monitor placements and adjust as needed.",193,28,,,,,,,,,,
5,What's the ideal frequency for social media ads?,48,8,H3,,,,,,,,,
,"The ideal frequency varies based on campaign goals and audience behavior. Generally, we aim for a frequency of 3-8 exposures per user over a campaign period to balance reach and avoid ad fatigue.",195,33,,,,,,,,,,
6,How do you leverage user-generated content in social media advertising?,71,10,H3,,,,,,,,,
,"We identify and curate high-quality user-generated content, obtain necessary permissions, and incorporate it into ad campaigns. This approach enhances authenticity and engagement rates.",185,23,,,,,,,,,,
7,Can display and social media ads work together with other marketing efforts?,76,12,H3,,,,,,,,,
,"Absolutely. We integrate display and social media ads with your overall digital strategy, including search ads, email marketing, and content marketing for a cohesive multi-channel approach.",189,26,,,,,,,,,,
8,"How do advertising strategies differ between Facebook, Instagram, LinkedIn, and Twitter?",88,11,H3,,,,,,,,,
,Each platform requires a unique approach:,41,6,,,,,,,,,,
,"Facebook: Broad targeting, diverse ad formats, ideal for B2C",60,9,,,,,,,,,,
,"Instagram: Highly visual, great for lifestyle and e-commerce brands",67,9,,,,,,,,,,
,"LinkedIn: B2B focus, targeting based on professional attributes",63,8,,,,,,,,,,
,"Twitter: Real-time marketing, engaging with current trends",58,7,,,,,,,,,,
9,What is programmatic advertising and how can it benefit my display ad campaigns?,80,13,H3,,,,,,,,,
,Programmatic advertising uses AI and real-time bidding to automate ad buying. Benefits include:,95,13,,,,,,,,,,
,Improved efficiency and targeting precision,43,5,,,,,,,,,,
,Real-time optimization and wider reach,38,5,,,,,,,,,,
,Cost-effectiveness and better insights,38,4,,,,,,,,,,
,Scalability for campaigns of all sizes,38,6,,,,,,,,,,
CTA,Ready to elevate your brand's visual presence online?,53,8,,,,,,,,,,
Buttom,Get Your Custom Display & Social Ads Strategy,45,8,,,,,,,,,,
,#8 Ready to Amplify Your Brand with Display and Social Ads?,,,,,,,,,,,,
,Ready to Amplify Your Brand with Display and Social Ads?,56,10,H2,,,,,,,,,
,Take the first step towards visual advertising excellence with Qwantix. Choose the option that best fits your needs:,116,18,,,,,,,,,,
1,Visual Ad Performance Audit,27,4,H3,,,,,,,,,
,Get a comprehensive review of your current display and social media advertising performance and uncover optimization opportunities.,131,17,,,,,,,,,,
CTA,Reveal your visual ad growth potential,38,6,,,,,,,,,,
Buttom,Request Free Display & Social Ads Audit,39,7,,,,,,,,,,
2,Multi-Platform Strategy Session,31,3,H3,,,,,,,,,
,Schedule a one-on-one call with our display and social media experts to discuss your goals and potential strategies across various platforms.,141,21,,,,,,,,,,
CTA,Explore your path to visual advertising success,47,7,,,,,,,,,,
Buttom,Book Display & Social Ads Consultation,38,6,,,,,,,,,,
3,Custom Visual Ad Campaign Proposal,34,5,H3,,,,,,,,,
,"Tell us about your business, and we'll prepare a tailored display and social media advertising strategy proposal.",113,17,,,,,,,,,,
CTA,Receive a visual ad plan customized to your goals,49,9,,,,,,,,,,
Buttom,Get Custom Display & Social Ads Proposal,40,7,,,,,,,,,,
4,Creative Design Assessment,26,3,H3,,,,,,,,,
,Let our design experts evaluate your current ad creatives and provide recommendations for improvement.,102,14,,,,,,,,,,
CTA,Enhance your ad visuals for maximum impact,42,7,,,,,,,,,,
Buttom,Get Your Free Creative Design Review,36,6,,,,,,,,,,
,"Not sure which option is right for you? Don't worry – our display and social advertising experts are here to help. Contact us, and we'll guide you through the process.",167,30,,,,,,,,,,
CTA,Let's elevate your brand's visual presence online,49,7,,,,,,,,,,
Buttom,Contact Qwantix Display & Social Ads Team,41,7,,,,,,,,,,