,Title,Lenth,Words,Level,1 500,Título ,Longitud,Palabras,0,Titel ,Lenth,Words,0
,#1 Hero Section,,,,,#1 Sección Principal,,,,#1 Hauptabschnitt,,,
,Social Media Marketing: Engage and Grow Your Audience,53,8,H1,,,,,,,,,
,"Maximize your brand's social media presence with Qwantix's expert social media marketing strategies. Our specialists create engaging campaigns that connect with your target audience, drive meaningful interactions, and boost your brand's visibility across social platforms.
Qwantix social media marketing expertise delivers: Increased brand awareness. Higher audience engagement. Improved customer loyalty. Enhanced lead generation. Greater website traffic",455,55,,,,,,,,,,
Button,Boost Your Social Media Impact,30,5,,,,,,,,,,
,#2 Social Media: Your Brand's Digital Voice,,,,,,,,,,,,
,Social Media: Your Brand's Digital Voice,40,6,H2,,,,,,,,,
,Social media marketing allows you to connect with your audience where they spend their time online. Our strategies help you:,124,20,,,,,,,,,,
1,Build and nurture authentic relationships with your target audience,67,9,H3,,,,,,,,,
2,Increase brand awareness and recognition across multiple platforms,66,8,H3,,,,,,,,,
3,Drive website traffic and generate quality leads,48,7,H3,,,,,,,,,
4,Enhance customer engagement and loyalty,39,5,H3,,,,,,,,,
5,Gain valuable insights into your audience's preferences and behaviors,69,9,H3,,,,,,,,,
6,Provide responsive customer service and support,47,6,H3,,,,,,,,,
7,Amplify your content marketing efforts,38,5,H3,,,,,,,,,
8,Stay ahead of industry trends and competitor activities,55,8,H3,,,,,,,,,
,"Qwantix combines platform expertise, content strategy, and data-driven insights to create social media campaigns that resonate with your audience and drive measurable business results.",184,24,,,,,,,,,,
CTA,Amplify Your Social Media Impact,32,5,,,,,,,,,,
Buttom,Get Your Free Social Media Strategy Assessment,46,7,,,,,,,,,,
,#3 Driving Business Growth Through Strategic Social Engagement,,,,,,,,,,,,
,Driving Business Growth Through Strategic Social Engagement,59,7,H2,,,,,,,,,
,"At Qwantix, we harness the power of social media marketing to deliver tangible results for businesses:",102,16,,,,,,,,,,
1,"4.48 billion people use social media worldwide, representing 56.8% of the global population",91,13,,,,,,,,,,
2,"73% of marketers believe social media marketing has been ""somewhat effective"" or ""very effective"" for their business",116,17,,,,,,,,,,
3,Social media is the preferred channel for customer service by 64% of consumers,78,13,,,,,,,,,,
4,54% of social browsers use social media to research products,60,10,,,,,,,,,,
5,Brands that engage on social media channels enjoy higher loyalty from their customers,85,13,,,,,,,,,,
6,78% of consumers say that social media posts from companies influence their buying decisions,92,14,,,,,,,,,,
7,Social media has a 100% higher lead-to-close rate than outbound marketing,73,11,,,,,,,,,,
,"Our data-driven approach to social media marketing helps you capitalize on these trends, boosting brand awareness, driving engagement, and increasing conversions across social platforms.",186,24,,,,,,,,,,
CTA,Ready to elevate your social media presence?,44,7,,,,,,,,,,
Buttom,Get Your Free Social Media Marketing Assessment,47,7,,,,,,,,,,
,#4 Our Comprehensive Social Media Marketing Approach,,,,,,,,,,,,
,Our Comprehensive Social Media Marketing Approach,49,6,H2,,,,,,,,,
,"At Qwantix, we offer a full suite of social media marketing services designed to maximize your brand's social presence and engagement:",134,21,,,,,,,,,,
1,Strategic Platform Selection,28,3,H3,,,,,,,,,
,Identify the most effective social platforms for your brand and target audience.,80,12,,,,,,,,,,
,Impact: Focused efforts on platforms that yield the best results for your business.,83,13,,,,,,,,,,
2,Content Strategy Development,28,3,H3,,,,,,,,,
,Create a tailored content plan that aligns with your brand voice and audience interests.,88,14,,,,,,,,,,
,"Edge: Consistent, engaging content that resonates with your followers and drives interaction.",93,12,,,,,,,,,,
3,Community Building and Management,33,4,H3,,,,,,,,,
,Grow and nurture your social media communities across platforms.,64,9,,,,,,,,,,
,"Advantage: Increased brand loyalty, customer retention, and word-of-mouth marketing.",84,9,,,,,,,,,,
4,Social Listening and Reputation Management,42,5,H3,,,,,,,,,
,Monitor brand mentions and manage your online reputation proactively.,69,9,,,,,,,,,,
,Benefit: Improved brand perception and timely response to customer feedback.,76,10,,,,,,,,,,
5,Influencer Partnership Management,33,3,H3,,,,,,,,,
,Identify and collaborate with influencers that align with your brand values.,76,11,,,,,,,,,,
,Value: Expanded reach and authentic brand endorsements from trusted voices.,75,10,,,,,,,,,,
6,Social Media Analytics and Reporting,36,5,H3,,,,,,,,,
,Track key performance metrics and provide actionable insights.,62,8,,,,,,,,,,
,Insight: Data-driven decision making for continuous strategy improvement.,73,8,,,,,,,,,,
7,Crisis Management Planning,26,3,H3,,,,,,,,,
,Develop protocols for handling potential social media crises.,61,8,,,,,,,,,,
,Protection: Safeguard your brand's reputation in challenging situations.,72,8,,,,,,,,,,
,"Qwantix leverages platform expertise, content strategy, and data-driven insights to create social media campaigns that resonate with your audience and drive measurable business results.",185,24,,,,,,,,,,
CTA,Ready to elevate your social media presence?,44,7,,,,,,,,,,
Buttom,Get Your Free Social Media Strategy Assessment,46,7,,,,,,,,,,
,#5 Why Choose Qwantix for Social Media Marketing?,,,,,,,,,,,,
,Why Choose Qwantix for Social Media Marketing?,46,7,H2,,,,,,,,,
,"At Qwantix, we offer unique advantages in social media marketing:",65,10,,,,,,,,,,
1,Multi-Platform Expertise,24,2,,,,,,,,,,
,Our team is certified and experienced in managing campaigns across all major social media platforms.,100,15,,,,,,,,,,
2,Data-Driven Strategy,20,2,,,,,,,,,,
,We base all our strategies on comprehensive data analysis and continuous testing for optimal results.,101,15,,,,,,,,,,
3,Creative Content Production,27,3,H3,,,,,,,,,
,"Our in-house creative team produces engaging, platform-specific content that resonates with your audience.",106,13,,,,,,,,,,
4,Advanced Social Listening,25,3,H3,,,,,,,,,
,"We use cutting-edge tools to monitor brand mentions and industry trends, allowing for real-time strategy adjustments.",117,16,,,,,,,,,,
5,Influencer Network,18,2,H3,,,,,,,,,
,We have established relationships with influencers across various niches for authentic brand collaborations.,108,13,,,,,,,,,,
6,Crisis Management Preparedness,30,3,H3,,,,,,,,,
,Our team is trained in social media crisis management to protect and maintain your brand's reputation.,102,16,,,,,,,,,,
7,Transparent Reporting,21,2,H3,,,,,,,,,
,"Our custom dashboards provide clear, actionable insights into your social media performance.",92,12,,,,,,,,,,
8,Integrated Marketing Approach,29,3,H3,,,,,,,,,
,We align your social media efforts with your overall digital marketing strategy for cohesive brand messaging.,109,16,,,,,,,,,,
CTA,Maximize your social media potential with Qwantix experts,57,8,,,,,,,,,,
Buttom,Get Your Free Social Media Marketing Consultation,49,7,,,,,,,,,,
,#6 Our Social Media Marketing Process,,,,,,,,,,,,
,Our Social Media Marketing Process,34,5,H2,,,,,,,,,
,"At Qwantix, we follow a systematic approach to social media marketing, tailored to maximize your brand's social presence and engagement:",136,20,,,,,,,,,,
1,Social Media Audit and Goal Setting,35,6,H3,,,,,,,,,
,"We analyze your current social media presence and set clear, measurable objectives.",83,12,,,,,,,,,,
,Impact: Focused strategy aligned with your business goals.,58,8,,,,,,,,,,
2,Platform Selection and Strategy Development,43,5,H3,,,,,,,,,
,We choose the most effective platforms for your brand and develop platform-specific strategies.,95,13,,,,,,,,,,
,Precision: Optimized presence on platforms that yield the best results for your business.,89,13,,,,,,,,,,
3,Content Strategy and Calendar Creation,38,5,H3,,,,,,,,,
,We develop a comprehensive content plan and publishing schedule.,64,9,,,,,,,,,,
,"Advantage: Consistent, engaging content that resonates with your audience.",74,9,,,,,,,,,,
4,Community Building and Engagement,33,4,H3,,,,,,,,,
,We grow and nurture your social media communities through active engagement.,76,11,,,,,,,,,,
,Benefit: Increased brand loyalty and stronger customer relationships.,69,8,,,,,,,,,,
5,Social Listening and Reputation Management,42,5,H3,,,,,,,,,
,We monitor brand mentions and manage your online reputation proactively.,72,10,,,,,,,,,,
,Protection: Improved brand perception and timely response to customer feedback.,79,10,,,,,,,,,,
6,Influencer Identification and Collaboration,43,4,H3,,,,,,,,,
,We identify and partner with influencers that align with your brand values.,75,12,,,,,,,,,,
,Reach: Expanded audience and authentic brand endorsements.,58,7,,,,,,,,,,
7,Performance Tracking and Optimization,37,4,H3,,,,,,,,,
,We continuously monitor key metrics and make data-driven adjustments.,69,9,,,,,,,,,,
,Growth: Ongoing improvements in social media performance and ROI.,65,9,,,,,,,,,,
8,Reporting and Strategy Refinement,33,4,H3,,,,,,,,,
,We provide regular reports and refine our strategy based on performance insights.,81,12,,,,,,,,,,
,Insight: Transparent results and continuously evolving social media approach.,77,9,,,,,,,,,,
CTA,Ready to elevate your social media presence?,44,7,,,,,,,,,,
Buttom,Get Your Custom Social Media Strategy,37,6,,,,,,,,,,
,#7 Social Media Marketing FAQ,,,,,,,,,,,,
,Social Media Marketing FAQ,26,4,H2,,,,,,,,,
,What are the key benefits of social media marketing for businesses?,67,11,H3,,,,,,,,,
,"Social media marketing helps increase brand awareness, engage with your target audience, drive website traffic, generate leads, and improve customer loyalty. It also provides valuable insights into your audience's preferences and behaviors.",240,32,,,,,,,,,,
,How do you choose the right social media platforms for a business?,66,12,H3,,,,,,,,,
,"We analyze your target audience demographics, industry, and business goals to determine the most effective platforms. For example, LinkedIn is ideal for B2B, while Instagram works well for visually-oriented B2C brands.",218,31,,,,,,,,,,
,How often should a business post on social media?,49,9,H3,,,,,,,,,
,"Posting frequency depends on the platform and your audience. Generally, we recommend 1-2 posts per day on Facebook and Instagram, 3-5 tweets per day on Twitter, and 1-2 posts per week on LinkedIn. However, quality always trumps quantity.",237,38,,,,,,,,,,
,How do you measure the ROI of social media marketing?,53,10,H3,,,,,,,,,
,"We track key performance indicators (KPIs) such as engagement rate, reach, website traffic, lead generation, and conversions. We also use advanced analytics tools to attribute sales and conversions to specific social media efforts.",231,33,,,,,,,,,,
,What's the difference between organic and paid social media marketing?,70,10,H3,,,,,,,,,
,Organic social media focuses on creating and sharing content to build relationships with your audience without paid promotion. Paid social media involves using advertising tools on social platforms to reach a wider or more targeted audience.,241,36,,,,,,,,,,
,How do you handle negative comments or feedback on social media?,64,11,H3,,,,,,,,,
,"We have a proactive approach to reputation management. We respond promptly and professionally to negative feedback, address concerns, and work to resolve issues publicly when appropriate. This transparency can often turn a negative situation into a positive brand interaction.",276,39,,,,,,,,,,
,How does social media marketing integrate with other digital marketing efforts?,79,11,H3,,,,,,,,,
,"Social media marketing complements other digital marketing strategies by amplifying content, supporting SEO efforts, driving traffic to your website, and providing additional touchpoints in the customer journey. We ensure a cohesive strategy across all digital channels.",270,36,,,,,,,,,,
CTA,Ready to elevate your social media presence?,44,7,,,,,,,,,,
Buttom,Get Your Customized Social Media Strategy,41,6,,,,,,,,,,
,#8 Ready to Elevate Your Social Media Presence?,,,,,,,,,,,,
,Ready to Elevate Your Social Media Presence?,44,7,H2,,,,,,,,,
,Take the first step towards social media marketing excellence with Qwantix. Choose the option that best fits your needs:,120,19,,,,,,,,,,
1,Social Media Audit,18,3,H3,,,,,,,,,
,Get a comprehensive review of your current social media presence and strategy across all platforms.,99,15,,,,,,,,,,
CTA,Uncover your social media growth potential,42,6,,,,,,,,,,
Buttom,Request Free Social Media Audit,31,5,,,,,,,,,,
2,Social Media Strategy Session,29,4,H3,,,,,,,,,
,Schedule a one-on-one call with our social media experts to discuss your goals and potential strategies.,104,16,,,,,,,,,,
CTA,Explore your path to social media success,41,7,,,,,,,,,,
Buttom,Book Social Media Consultation,30,4,,,,,,,,,,
3,Custom Social Media Marketing Plan,34,5,H3,,,,,,,,,
,"Tell us about your business, and we'll prepare a tailored social media marketing strategy proposal.",99,15,,,,,,,,,,
CTA,Receive a social media plan customized to your goals,52,9,,,,,,,,,,
Buttom,Get Custom Social Media Proposal,32,5,,,,,,,,,,
4,Content Calendar Assessment,27,3,H3,,,,,,,,,
,Let our content specialists evaluate your current content strategy and provide recommendations for improvement.,111,14,,,,,,,,,,
CTA,Enhance your social media content strategy,42,6,,,,,,,,,,
Buttom,Get Your Free Content Calendar Review,37,6,,,,,,,,,,
,"Not sure which option is right for you? Don't worry – our social media marketing experts are here to help. Contact us, and we'll guide you through the process.",159,29,,,,,,,,,,
CTA,Let's boost your social media impact,36,6,,,,,,,,,,
Buttom,Contact Qwantix Social Media Team,33,5,,,,,,,,,,