,Title,Lenth,Words,Level,1 353,Título ,Longitud,Palabras,0,Titel ,Lenth,Words,0
,#1 Hero Section,,,,,#1 Sección Principal,,,,#1 Hauptabschnitt,,,
,Search Ads: Capture High-Intent Audiences,41,5,H1,,,,,,,,,
,"Target users actively searching for your products or services with Qwantix's expert search advertising strategies. Our certified specialists create laser-focused campaigns that maximize visibility and conversions in search engine results pages.
Qwantix search ads expertise delivers: Precise keyword targeting. Higher quality score. Improved ad rank. Increased click-through rates.",381,47,,,,,,,,,,
Button,Dominate Search Results,23,3,,,,,,,,,,
,#2 Unleash the Potential of Search Advertising,,,,,,,,,,,,
,Unleash the Potential of Search Advertising,43,6,H2,,,,,,,,,
,Search advertising enables you to connect with potential customers precisely when they're actively seeking your products or services. Our search ads strategies empower you to:,175,25,,,,,,,,,,
1,Secure top positions on search engine results pages,51,8,H3,,,,,,,,,
2,Engage users with high purchase intent,38,6,H3,,,,,,,,,
3,Gain instant visibility for relevant queries,44,6,H3,,,,,,,,,
4,Outperform competitors in your industry,39,5,H3,,,,,,,,,
5,Swiftly respond to market trends and seasonal demands,53,8,H3,,,,,,,,,
6,Enhance your SEO efforts for comprehensive online presence,58,8,H3,,,,,,,,,
7,Appear above organic search results for instant visibility,58,8,H3,,,,,,,,,
8,Target users with high purchase intent at the moment of search,62,11,H3,,,,,,,,,
9,Adapt your messaging based on specific search queries,53,8,H3,,,,,,,,,
,"Qwantix blends thorough keyword analysis, persuasive ad copywriting, and ongoing refinement to craft search ad campaigns that yield exceptional outcomes and optimize your advertising investment.",194,25,,,,,,,,,,
CTA,Tap into the Potential of Search Advertising,44,7,,,,,,,,,,
Buttom,Request Your Complimentary Search Ads Evaluation,48,6,,,,,,,,,,
,#3 The Measurable Impact of Search Advertising,,,,,,,,,,,,
,Driving Business Growth Through Targeted Search Campaigns,57,7,H2,,,,,,,,,
,"At Qwantix, we deliver tangible results through data-driven search advertising strategies:",90,11,,,,,,,,,,
1,75% of people say paid search ads make it easier to find relevant information,77,14,,,,,,,,,,
2,65% of high-intent searches result in ad clicks,47,8,,,,,,,,,,
3,Search ads can boost brand awareness by up to 80%,49,10,,,,,,,,,,
4,Businesses make an average of $2 for every $1 they spend on Google Ads,70,14,,,,,,,,,,
5,The average click-through rate for search ads is 3.17%,54,9,,,,,,,,,,
6,46% of page clicks go to the top three paid advertising positions,65,12,,,,,,,,,,
7,33% of searchers click on paid ads because they directly answer their search query,82,14,,,,,,,,,,
,"Our ROI-focused search advertising approach helps you capitalize on these trends, driving qualified traffic, increasing conversions, and maximizing your return on ad spend in the search landscape.",196,27,,,,,,,,,,
CTA,Ready to harness the power of search advertising?,49,8,,,,,,,,,,
Buttom,Get Your Complimentary Search Ads Analysis,42,6,,,,,,,,,,
,#4 Our Comprehensive Search Ads Management Approach,,,,,,,,,,,,
,Our Comprehensive Search Ads Management Approach,48,6,H2,,,,,,,,,
,"At Qwantix, we offer a full suite of search ads management services designed to optimize your advertising spend and drive measurable results:",141,22,,,,,,,,,,
1,Search Query Intent Analysis,28,4,H3,,,,,,,,,
,Analyze user search queries to understand intent and tailor ad messaging.,73,11,,,,,,,,,,
,Edge: Improved ad relevance and higher conversion rates.,56,8,,,,,,,,,,
2,Ad Rank Optimization,20,3,H3,,,,,,,,,
,Improve your ad position through Quality Score enhancements and smart bidding.,78,11,,,,,,,,,,
,Impact: Better ad visibility and lower cost per click.,54,9,,,,,,,,,,
3,Search Ad Extensions Mastery,28,4,H3,,,,,,,,,
,Implement and optimize all relevant ad extensions for search campaigns.,71,10,,,,,,,,,,
,Advantage: Increased ad real estate and improved click-through rates.,69,9,,,,,,,,,,
4,Search-Specific A/B Testing,27,3,H3,,,,,,,,,
,"Continuously test ad copy variations, landing pages, and bid strategies.",72,10,,,,,,,,,,
,Benefit: Ongoing performance improvements and higher ROI.,57,7,,,,,,,,,,
5,Negative Keyword Management,27,3,H3,,,,,,,,,
,Refine targeting by identifying and excluding irrelevant search terms.,70,9,,,,,,,,,,
,Value: Reduced wasted spend and improved campaign efficiency.,61,8,,,,,,,,,,
CTA,Ready to dominate search results?,33,5,,,,,,,,,,
Buttom,Get Your Complimentary Search Ads Audit,39,6,,,,,,,,,,
,#5 Why Choose Qwantix for Search Ads Management?,,,,,,,,,,,,
,Why Choose Qwantix for Search Ads Management?,45,7,H2,,,,,,,,,
,"At Qwantix, we specialize in search advertising to deliver exceptional results:",79,11,,,,,,,,,,
1,Search Engine Certified Experts,31,4,H3,,,,,,,,,
,Our team holds advanced certifications in Google Ads and Microsoft Advertising.,79,11,,,,,,,,,,
2,Industry-Specific Search Strategies,35,3,H3,,,,,,,,,
,We develop custom search strategies tailored to your specific industry and target audience.,91,13,,,,,,,,,,
3,Advanced Match Type Optimization,32,4,H3,,,,,,,,,
,We leverage all match types strategically to maximize reach while controlling costs.,84,12,,,,,,,,,,
4,Search-Specific Landing Page Design,35,4,H3,,,,,,,,,
,"Our landing pages are optimized for search traffic, improving Quality Score and conversions.",92,13,,,,,,,,,,
5,Cross-Platform Search Advertising,33,3,H3,,,,,,,,,
,"We manage and optimize your search campaigns across Google, Bing, and vertical-specific search engines.",103,14,,,,,,,,,,
6,Local Search Ads Expertise,26,4,H3,,,,,,,,,
,We specialize in local search advertising to drive foot traffic and local conversions.,86,13,,,,,,,,,,
7,Search Ads Competitive Analysis,31,4,H3,,,,,,,,,
,We continuously monitor and adapt to your competitors' search advertising strategies.,85,11,,,,,,,,,,
CTA,Maximize your search advertising potential with Qwantix experts,63,8,,,,,,,,,,
Buttom,Get Your Complimentary Search Ads Consultation,46,6,,,,,,,,,,
,#6 Our Search Ads Management Process,,,,,,,,,,,,
,Our Search Ads Management Process,33,5,H2,,,,,,,,,
,"At Qwantix, we follow a systematic approach to search ads management, tailored specifically for search engine advertising:",122,17,,,,,,,,,,
1,Search Landscape Analysis,25,3,H3,,,,,,,,,
,We analyze your industry's search landscape to identify high-value keywords and competitor strategies.,102,13,,,,,,,,,,
,Insight: Gain a comprehensive understanding of your search advertising potential and competitive positioning.,109,13,,,,,,,,,,
2,Search Query Intent Mapping,27,4,H3,,,,,,,,,
,We categorize search queries based on user intent to create highly targeted ad groups.,86,14,,,,,,,,,,
,Precision: Align your ads with user intent for improved relevance and higher conversion rates.,94,14,,,,,,,,,,
3,Ad Rank Optimization Strategy,29,4,H3,,,,,,,,,
,We develop a strategy to improve your ad rank through quality score enhancements and smart bidding.,99,16,,,,,,,,,,
,Impact: Achieve better ad positions while optimizing your ad spend.,67,10,,,,,,,,,,
4,Search Ad Copy Creation and Testing,35,6,H3,,,,,,,,,
,Our team crafts multiple ad variations optimized for search and continuously tests them for performance.,104,15,,,,,,,,,,
,Result: Engage searchers with compelling ad copy that drives clicks and conversions.,84,12,,,,,,,,,,
5,Search-Specific Landing Page Design,35,4,H3,,,,,,,,,
,We create and optimize landing pages that align with search intent and ad messaging.,84,14,,,,,,,,,,
,Conversion: Provide a seamless user experience that turns searchers into customers.,83,11,,,,,,,,,,
6,Search Engine-Specific Optimization,35,3,H3,,,,,,,,,
,We tailor our approach to each search engine's unique features and best practices.,82,13,,,,,,,,,,
,"Advantage: Maximize performance across Google, Bing, and other search platforms.",80,10,,,,,,,,,,
7,Ongoing Search Performance Monitoring,37,4,H3,,,,,,,,,
,We continuously monitor your search campaign performance and make data-driven adjustments.,90,11,,,,,,,,,,
,Growth: Benefit from constant optimizations that drive long-term search advertising success.,92,11,,,,,,,,,,
CTA,Ready to elevate your search advertising strategy?,50,7,,,,,,,,,,
Buttom,Request Your Custom Search Ads Plan,35,6,,,,,,,,,,
,#7 Search Advertising FAQ,,,,,,,,,,,,
,Search Advertising FAQ,22,3,H2,,,,,,,,,
1,What's the difference between search ads and other types of PPC ads?,68,12,H3,,,,,,,,,
,"Search ads appear in search engine results pages when users actively search for specific keywords. They target users with high intent, unlike display or social ads which focus on broader audience targeting based on interests or demographics.",241,37,,,,,,,,,,
2,How do I choose the right keywords for my search ads?,53,11,H3,,,,,,,,,
,"Start with researching relevant terms your target audience uses. Use a mix of broad, phrase, and exact match types. Include long-tail keywords for more specific queries. Regularly analyze search term reports to refine your keyword list and add negative keywords to exclude irrelevant searches.",293,44,,,,,,,,,,
3,What's a good click-through rate (CTR) for search ads?,54,9,H3,,,,,,,,,
,"Average CTRs vary by industry, but generally, a good CTR for search ads is 2% or higher. However, focus on improving your CTR over time rather than comparing to a fixed benchmark.",179,32,,,,,,,,,,
4,How can I improve my Quality Score in Google Ads?,49,10,H3,,,,,,,,,
,"Improve ad relevance by aligning keywords, ad copy, and landing pages. Use ad extensions. Optimize landing page load times and user experience. Maintain a healthy CTR. Regularly update and test your ads.",203,32,,,,,,,,,,
5,What are the best practices for writing effective search ad copy?,65,11,H3,,,,,,,,,
,Include the main keyword in your headline and description. Highlight unique selling points. Use a clear call-to-action. Leverage ad extensions for additional information. Test different ad variations to see what resonates best with your audience.,246,35,,,,,,,,,,
6,How do search ads work with SEO?,32,7,H3,,,,,,,,,
,Search ads can complement your SEO efforts by providing immediate visibility while you work on organic rankings. They also offer valuable keyword and conversion data that can inform your SEO strategy.,200,31,,,,,,,,,,
7,What's the difference between manual and automated bidding in search ads?,73,11,H3,,,,,,,,,
,"Manual bidding gives you full control over bids for each keyword, while automated bidding uses machine learning to optimize bids based on your goals. The choice depends on your expertise, time availability, and campaign objectives.",231,35,,,,,,,,,,
CTA,Ready to launch your high-performing search ad campaign?,56,8,,,,,,,,,,
Buttom,Get Your Customized Search Ads Strategy,39,6,,,,,,,,,,
,#8 Ready to Dominate Search Results?,,,,,,,,,,,,
,Ready to Dominate Search Results?,33,5,H2,,,,,,,,,
,Take the first step towards search advertising excellence with Qwantix. Choose the option that best fits your needs:,116,18,,,,,,,,,,
1,Search Ads Performance Audit,28,4,H3,,,,,,,,,
,Get a comprehensive review of your current search advertising performance and uncover optimization opportunities.,113,14,,,,,,,,,,
CTA,Reveal your search ads growth potential,39,6,,,,,,,,,,
Buttom,Request Free Search Ads Audit,29,5,,,,,,,,,,
2,Search Advertising Strategy Session,35,4,H3,,,,,,,,,
,Schedule a one-on-one call with our search ads experts to discuss your goals and potential strategies.,102,16,,,,,,,,,,
CTA,Explore your path to search advertising success,47,7,,,,,,,,,,
Buttom,Book Search Ads Consultation,28,4,,,,,,,,,,
3,Custom Search Ads Proposal,26,4,H3,,,,,,,,,
,"Tell us about your business, and we'll prepare a tailored search advertising strategy proposal.",95,14,,,,,,,,,,
CTA,Receive a search ads plan customized to your goals,50,9,,,,,,,,,,
Buttom,Get Custom Search Ads Proposal,30,5,,,,,,,,,,
,"Not sure which option is right for you? Don't worry – our search advertising experts are here to help. Contact us, and we'll guide you through the process.",155,28,,,,,,,,,,
CTA,Let's elevate your search advertising performance,49,6,,,,,,,,,,
Buttom,Contact Qwantix Search Ads Team,31,5,,,,,,,,,,