,Title,Lenth,Words,Level,1 610,Título ,Longitud,Palabras,0,Titel ,Lenth,Words,0
,#1 Hero Section,,,,,,,,,,,,
Title,Qwantix: Digital Marketing Powered by Analytics,47,6,H1,,,0,0,,,0,0,
Description,"Harness the power of analytics-based search optimization, engaging social media, and compelling content. Our innovative strategies transform your online presence, driving measurable growth and maximizing your digital ROI. 
Experience the Qwantix difference – where cutting-edge expertise meets tangible results.",311,39,,,,0,0,,,0,0,
Button,Start Your Digital Transformation,33,4,,,,0,0,,,0,0,
,#2 Core Services,,,,,,0,,,,0,0,
Title 1,Search Engine Optimization,26,3,H2,,,0,0,,,0,0,
Subtitle,Excel in Search Rankings,24,4,H3,,,0,0,,,0,0,
Description,Boost your visibility with our data-driven SEO strategies. We optimize your online presence to attract more qualified leads and increase organic traffic.,153,22,,,,0,0,,,0,0,
Button,Climb Search Rankings,21,3,,,,0,0,,,0,0,
Title 2,Pay-Per-Click Advertising,25,2,H2,,,0,0,,,0,0,
Subtitle,Maximize Ad ROI,15,3,H3,,,0,0,,,0,0,
Description,Drive targeted traffic and conversions with precision-targeted PPC campaigns. We optimize your ad spend for maximum return across major platforms.,146,20,,,,0,0,,,0,0,
Button,Boost Ad Performance,20,3,,,,0,0,,,0,0,
Title 3,Social Media Marketing,22,3,H2,,,0,0,,,0,0,
Subtitle,Engage and Grow Your Audience,29,5,H3,,,0,0,,,0,0,
Description,"Build a strong social media presence that resonates with your target audience. Our tailored campaigns drive engagement, brand loyalty, and conversions.",151,21,,,,0,0,,,0,0,
Button,Amplify Social Reach,20,3,,,,0,0,,,0,0,
Title 4,Content Creation,16,2,H2,,,0,0,,,0,0,
Subtitle,Captivate with Compelling Content,33,4,H3,,,0,0,,,0,0,
Description,"Tell your brand's story with impactful, SEO-optimized content. From blog posts to videos, we create content that informs, engages, and converts.",144,21,,,,0,0,,,0,0,
Button,Craft Winning Content,21,3,,,,0,0,,,0,0,
,#3 Why Choose Qwantix,,,,,,0,0,,,0,0,
Title,Why Choose Qwantix?,19,3,H2,,,0,0,,,0,0,
Description,"At Qwantix, we're more than just another digital marketing agency. We're your partners in growth, dedicated to unleashing your brand's full potential in the digital landscape.",175,26,,,,0,0,,,0,0,
Subtitle 1,Data-Informed Approach,22,2,H3,,,0,0,,,0,0,
Explanation,"We leverage cutting-edge analytics to inform every strategy, ensuring measurable results.",89,11,,,,0,0,,,0,0,
Subtitle 2,Integrated Solutions,20,2,H3,,,0,0,,,0,0,
Explanation,"Our holistic approach combines SEO, PPC, SMM, and content creation for maximum impact.",86,13,,,,0,0,,,0,0,
Subtitle 3,Innovative Strategies,21,2,H3,,,0,0,,,0,0,
Explanation,"We stay ahead of online marketing trends, constantly evolving our tactics to keep you at the forefront.",103,17,,,,0,0,,,0,0,
Subtitle 4,Tailored Campaigns,18,2,H3,,,0,0,,,0,0,
Explanation,Every business is unique. We craft customized strategies that align with your specific goals and audience.,106,16,,,,0,0,,,0,0,
Subtitle 5,Transparent Communication,25,2,H3,,,0,0,,,0,0,
Explanation,"We believe in clear, honest reporting. You'll always know exactly how your campaigns are performing.",100,15,,,,0,0,,,0,0,
Subtitle 6,Agile Optimization,18,2,H3,,,0,0,,,0,0,
Explanation,"We continuously monitor and adjust our strategies, ensuring your campaigns always deliver optimal performance.",110,14,,,,0,0,,,0,0,
Button,Learn More About Us,19,4,,,,0,0,,,0,0,
Description,"With Qwantix, you're not just getting a service provider – you're gaining a dedicated team of digital growth experts committed to your success.",143,23,,,,0,0,,,0,0,
,#4 Our Impact,,,,,,0,0,,,0,0,
Title,Our Impact,10,2,H2,,,0,0,,,0,0,
,"At Qwantix, we're committed to delivering tangible outcomes for our clients. Here's a glimpse of what we can achieve together:",126,20,,,,0,0,,,0,0,
,150%+ Average increase in organic traffic,41,6,,,,0,0,,,0,0,
,30% Typical improvement in conversion rates,43,6,,,,0,0,,,0,0,
,200% Average growth in social media engagement,46,7,,,,0,0,,,0,0,
,3x Return on ad spend for our PPC campaigns,43,9,,,,0,0,,,0,0,
,50% Reduction in cost per lead for our clients,46,9,,,,0,0,,,0,0,
,These numbers represent the potential of a well-executed online promotion strategy. Ready to see what we can achieve for your business?,135,21,,,,0,0,,,0,0,
CTA,Start Your Success Story,24,4,,,,0,0,,,0,0,
Button,Get a Free Strategy Session,27,5,,,,0,0,,,0,0,
,#5 Industry Solutions,,,,,,0,0,,,0,0,
Title,Tailored Digital Solutions Across Industries,44,5,H2,,,0,0,,,0,0,
Description,"At Qwantix, we understand that each industry faces unique digital challenges. Our expertise spans across various sectors, allowing us to deliver customized strategies that drive results.",186,26,,,,0,0,,,0,0,
Subtitle 1,E-commerce,10,1,H3,,,0,0,,,0,0,
Explanation,Boost online sales and improve user experience with our analytics-based search optimization and PPC strategies.,111,15,,,,0,0,,,0,0,
Button,Boost Your Online Sales,23,4,,,,0,0,,,0,0,
Subtitle 2,Health & Beauty,15,3,H3,,,0,0,,,0,0,
Explanation,Enhance your online presence and attract more clients through targeted social media campaigns and content marketing.,116,16,,,,0,0,,,0,0,
Button,Enhance Your Digital Presence,29,4,,,,0,0,,,0,0,
Subtitle 3,Fitness,7,1,H3,,,0,0,,,0,0,
Explanation,Grow your client base and increase engagement with innovative digital marketing solutions for gyms and fitness professionals.,125,17,,,,0,0,,,0,0,
Button,Grow Your Fitness Brand,23,4,,,,0,0,,,0,0,
Subtitle 4,Restaurants & Cafes,19,3,H3,,,0,0,,,0,0,
Explanation,Increase foot traffic and online orders with local SEO optimization and engaging social media management.,105,15,,,,0,0,,,0,0,
Button,Attract More Diners,19,3,,,,0,0,,,0,0,
Subtitle 5,Technology,10,1,H3,,,0,0,,,0,0,
Explanation,Stand out in the competitive tech landscape with cutting-edge digital strategies and thought leadership content.,112,15,,,,0,0,,,0,0,
Button,Amplify Your Tech Impact,24,4,,,,0,0,,,0,0,
Subtitle 6,Fashion,7,1,H3,,,0,0,,,0,0,
Explanation,Showcase your brand and products with visually stunning campaigns and influencer partnerships.,94,12,,,,0,0,,,0,0,
Button,Elevate Your Fashion Brand,26,4,,,,0,0,,,0,0,
Subtitle 7,Travel & Hospitality,20,3,H3,,,0,0,,,0,0,
Explanation,Attract more bookings and enhance customer experience with SEO-optimized content and targeted advertising.,106,13,,,,0,0,,,0,0,
Button,Increase Bookings Now,21,3,,,,0,0,,,0,0,
Subtitle 8,Education,9,1,H3,,,0,0,,,0,0,
Explanation,Reach potential students and increase enrollments through strategic content marketing and PPC campaigns.,104,13,,,,0,0,,,0,0,
Button,Expand Your Student Reach,25,4,,,,0,0,,,0,0,
,#6 Our Approach,,,,,,0,0,,,0,0,
Title,Our Approach: Your Journey to Digital Success,45,7,H2,,,0,0,,,0,0,
Subtitle 1,Discovery,9,1,H3,,,0,0,,,0,0,
Explanation,"We start by understanding your business, goals, and target audience. This deep dive helps us tailor our strategies to your unique needs.",136,22,,,,0,0,,,0,0,
Subtitle 2,Strategy Development,20,2,H3,,,0,0,,,0,0,
Explanation,"Based on our findings, we create a comprehensive online marketing strategy that aligns with your objectives and budget.",119,18,,,,0,0,,,0,0,
Subtitle 3,Execution,9,1,H3,,,0,0,,,0,0,
Explanation,"Our team of experts puts the plan into action, leveraging the latest tools and techniques in search optimization, paid advertising, social media management, and content creation.",178,26,,,,0,0,,,0,0,
Subtitle 4,Monitoring and Analysis,23,3,H3,,,0,0,,,0,0,
Explanation,"We continuously track the performance of your campaigns using advanced analytics tools, ensuring we're always data-driven.",122,16,,,,0,0,,,0,0,
Subtitle 5,Optimization,12,1,H3,,,0,0,,,0,0,
Explanation,"Based on real-time data, we refine and adjust our strategies to maximize your ROI and achieve optimal results.",110,18,,,,0,0,,,0,0,
Subtitle 6,Reporting and Communication,27,3,H3,,,0,0,,,0,0,
Explanation,"You'll receive regular, easy-to-understand reports and have ongoing access to our team for questions and discussions.",117,16,,,,0,0,,,0,0,
,"At Qwantix, we believe in a transparent, collaborative approach. Our process is designed to keep you informed and involved every step of the way, ensuring we're always aligned with your vision and goals.",203,33,,,,0,0,,,0,0,
CTA,Ready to start your digital success journey?,44,7,,,,0,0,,,0,0,
Button,Schedule Your Free Consultation,31,4,,,,0,0,,,0,0,
,#7 Marketing Budget Calculator,,,,,,0,0,,,0,0,
,Digital Marketing Budget Calculator,35,4,H2,,,0,0,,,0,0,
,"Our marketing budget estimator helps you determine an optimal investment for your digital marketing efforts. Based on industry research and our expertise, we provide a tailored estimate to guide your marketing strategy.",219,32,,,,0,0,,,0,0,
Form field,What is your total monthly revenue in USD?,42,8,,,,0,0,,,0,0,
Form field,What percentage of total revenue comes from online sources?,59,9,,,,0,0,,,0,0,
Form field,"Are you looking for average growth or high growth? [Dropdown: Average Growth, High Growth]",90,14,,,,0,0,,,0,0,
,Recommended monthly marketing budget: $X,40,5,,,,0,0,,,0,0,
,Breakdown:,10,1,,,,0,0,,,0,0,
,SEO: X% ($X),12,3,,,,0,0,,,0,0,
,PPC: X% ($X),12,3,,,,0,0,,,0,0,
,Social Media: X% ($X),21,4,,,,0,0,,,0,0,
,Content Marketing: X% ($X),26,4,,,,0,0,,,0,0,
,"This estimate provides a general guideline based on industry averages. For a personalized strategy tailored to your specific business needs, please contact our team for a free consultation.",189,28,,,,0,0,,,0,0,
CTA,Want to maximize your marketing ROI?,36,6,,,,0,0,,,0,0,
Button,Schedule a Free Strategy Call,29,5,,,,0,0,,,0,0,
,#8 Call to Action (Ready to Boost Your Digital Presence?),,,,,,0,0,,,0,0,
Title,Ready to Elevate Your Online Visibility?,40,6,H2,,,0,0,,,0,0,
,Taking the first step towards digital success is easy with Qwantix. Choose the option that works best for you:,110,19,,,,0,0,,,0,0,
,Free Online Presence Assessment,31,4,H3,,,0,0,,,0,0,
,Get a comprehensive review of your current digital presence and discover areas for improvement.,95,14,,,,0,0,,,0,0,
Button,Request Free Audit,18,3,,,,0,0,,,0,0,
,Strategy Consultation,21,2,H3,,,0,0,,,0,0,
,Schedule a one-on-one call with our experts to discuss your goals and potential strategies.,91,14,,,,0,0,,,0,0,
Button,Book Consultation,17,2,,,,0,0,,,0,0,
,Custom Proposal,15,2,H3,,,0,0,,,0,0,
,"Tell us about your business, and we'll prepare a tailored digital marketing proposal.",85,13,,,,0,0,,,0,0,
Button,Get Custom Proposal,19,3,,,,0,0,,,0,0,
,"Not sure which option is right for you? Don't worry – we're here to help. Contact us, and we'll guide you through the process.",126,24,,,,0,0,,,0,0,
CTA,Let's Start Your Digital Journey,32,5,,,,0,0,,,0,0,
Button,Contact Qwantix,15,2,,,,0,0,,,0,0,
,#9 Frequently Asked Questions,,,,,,0,0,,,0,0,
Title,Frequently Asked Questions,26,3,H2,,,0,0,,,0,0,
1,What services does Qwantix offer?,33,5,H3,,,0,0,,,0,0,
,"Qwantix offers a comprehensive suite of online marketing solutions, including Search Engine Optimization (SEO), Pay-Per-Click Advertising (PPC), Social Media Marketing, and Content Creation. We tailor our services to meet the unique needs of each client.",254,35,,,,0,0,,,0,0,
2,How long does it take to see results from online promotion efforts?,67,12,H3,,,0,0,,,0,0,
,"The timeline for results can vary depending on the specific strategies and your industry. Generally, you may start seeing improvements in some areas within a few months, but significant results often take 6-12 months, especially for search optimization initiatives.",265,39,,,,0,0,,,0,0,
3,How do you measure the success of your marketing campaigns?,59,10,H3,,,0,0,,,0,0,
,"We use a variety of metrics to measure success, including website traffic, conversion rates, engagement rates, and ROI. We provide regular reports and analytics to keep you informed about the performance of your campaigns.",222,34,,,,0,0,,,0,0,
4,Do you work with businesses in specific industries?,51,8,H3,,,0,0,,,0,0,
,"While we have expertise across various industries, we specialize in E-commerce, Health & Beauty, Fitness, Restaurants & Cafes, Technology, Fashion, Travel & Hospitality, and Education. However, our strategies can be adapted to virtually any industry.",250,35,,,,0,0,,,0,0,
5,What makes Qwantix different from other digital marketing agencies?,67,9,H3,,,0,0,,,0,0,
,"Qwantix stands out through our data-driven approach, integrated solutions, innovative strategies, and commitment to transparency. We focus on delivering measurable results and maintaining clear communication throughout our partnership.",235,28,,,,0,0,,,0,0,
6,How much does it cost to work with Qwantix?,43,9,H3,,,0,0,,,0,0,
,Our pricing varies based on the scope of services and your specific needs. We offer customized packages to ensure you're getting the most value for your investment. Contact us for a free consultation and personalized quote.,223,36,,,,0,0,,,0,0,
7,Do I need to have a large budget to work with Qwantix?,54,12,H3,,,0,0,,,0,0,
,"We work with businesses of all sizes and can tailor our strategies to fit various budgets. Our goal is to maximize your ROI, regardless of the size of your investment.",167,30,,,,0,0,,,0,0,
8,How often will I receive updates on my campaigns?,49,9,H3,,,0,0,,,0,0,
,"We provide regular reports and updates, typically on a monthly basis. However, we're always available for questions or discussions, and we can adjust the frequency of updates based on your preferences.",201,31,,,,0,0,,,0,0,
CTA,Still have questions? We're here to help!,41,7,,,,0,0,,,0,0,
Button,Contact Us,10,2,,,,0,0,,,0,0,
,#10 Qwantix Insights (Blog preview),,,,,,0,0,,,0,0,
Title,Qwantix Insights: Your Online Marketing Resource Hub,52,7,H2,,,0,0,,,0,0,
Description,"Stay ahead of the digital curve with our expert insights, tips, and strategies. Our blog is your go-to resource for the latest trends and best practices in digital marketing.",174,29,,,,0,0,,,0,0,
Blog Category,SEO Mastery,11,2,H3,,,0,0,,,0,0,
Blog Category,PPC Strategies,14,2,H3,,,0,0,,,0,0,
Blog Category,Social Media Success,20,3,H3,,,0,0,,,0,0,
Blog Category,Content Creation,16,2,H3,,,0,0,,,0,0,
Blog Category,Industry Insights,17,2,H3,,,0,0,,,0,0,
Blog Category,Data & Analytics,16,3,H3,,,0,0,,,0,0,
CTA,Never Miss an Insight,21,4,,,,0,0,,,0,0,
Button,Subscribe to Our Newsletter,27,4,,,,0,0,,,0,0,
,"We respect your inbox. Quality content only, no spam ever.",58,10,,,,0,0,,,0,0,
,"Our blog is updated weekly with fresh, actionable content to help you navigate the ever-changing digital landscape. Whether you're a seasoned marketer or just starting out, there's always something new to learn at Qwantix Insights.",231,35,,,,0,0,,,0,0,
,#11 Contact Us,,,,,,0,0,,,0,0,
Title,Ready to Ignite Your Digital Growth?,36,6,H2,,,0,0,,,0,0,
Subtitle,Let's start your journey to digital success today.,50,8,H3,,,0,0,,,0,0,
Description,"Whether you're looking to boost your online presence, increase conversions, or dominate your market, Qwantix has the expertise and tools to help you achieve your goals. Our team of digital marketing experts is ready to create a tailored strategy that will transform your online presence and drive real results.",310,49,,,,0,0,,,0,0,
Form field,Name,4,1,,,,0,0,,,0,0,
Form field,Email,5,1,,,,0,0,,,0,0,
Form field,Company,7,1,,,,0,0,,,0,0,
Form field,Phone,5,1,,,,0,0,,,0,0,
Form field,"How can we help you? (dropdown with options like SEO, PPC, Social Media, Content Creation, or General Inquiry)",110,18,,,,0,0,,,0,0,
Form field,Message,7,1,,,,0,0,,,0,0,
Buttom,Schedule a Free Consultation,28,4,,,,0,0,,,0,0,
,Not ready to talk yet? No problem! Subscribe to our newsletter for the latest digital marketing insights and tips.,114,19,,,,0,0,,,0,0,
,Your information is safe with us. We respect your privacy and will never share your details with third parties.,111,19,,,,0,0,,,0,0,
CTA,Let's Grow Together,19,3,,,,0,0,,,0,0,